ImageId,MaskId
20230930_21h03m03s_B01_1.png,20230930_21h03m03s_B01_1_mask.png
20230930_21h03m03s_B01_2.png,20230930_21h03m03s_B01_2_mask.png
20230930_21h03m06s_B02_1.png,20230930_21h03m06s_B02_1_mask.png
20230930_21h03m06s_B02_2.png,20230930_21h03m06s_B02_2_mask.png
20230930_21h03m06s_B02_3.png,20230930_21h03m06s_B02_3_mask.png
20230930_21h03m06s_B02_4.png,20230930_21h03m06s_B02_4_mask.png
20230930_21h03m09s_B03_1.png,20230930_21h03m09s_B03_1_mask.png
20230930_21h03m09s_B03_2.png,20230930_21h03m09s_B03_2_mask.png
20230930_21h03m09s_B03_3.png,20230930_21h03m09s_B03_3_mask.png
20230930_21h03m09s_B03_4.png,20230930_21h03m09s_B03_4_mask.png
20230930_21h03m13s_B04_1.png,20230930_21h03m13s_B04_1_mask.png
20230930_21h03m13s_B04_2.png,20230930_21h03m13s_B04_2_mask.png
20230930_21h03m13s_B04_3.png,20230930_21h03m13s_B04_3_mask.png
20230930_21h03m13s_B04_4.png,20230930_21h03m13s_B04_4_mask.png
20230930_21h03m16s_B05_1.png,20230930_21h03m16s_B05_1_mask.png
20230930_21h03m16s_B05_2.png,20230930_21h03m16s_B05_2_mask.png
20230930_21h03m16s_B05_3.png,20230930_21h03m16s_B05_3_mask.png
20230930_21h03m16s_B05_4.png,20230930_21h03m16s_B05_4_mask.png
20230930_21h03m20s_B06_1.png,20230930_21h03m20s_B06_1_mask.png
20230930_21h03m20s_B06_2.png,20230930_21h03m20s_B06_2_mask.png
20230930_21h03m20s_B06_3.png,20230930_21h03m20s_B06_3_mask.png
20230930_21h03m20s_B06_4.png,20230930_21h03m20s_B06_4_mask.png
20230930_21h03m24s_B07_1.png,20230930_21h03m24s_B07_1_mask.png
20230930_21h03m24s_B07_2.png,20230930_21h03m24s_B07_2_mask.png
20230930_21h03m31s_B08_1.png,20230930_21h03m31s_B08_1_mask.png
20230930_21h03m31s_B08_2.png,20230930_21h03m31s_B08_2_mask.png
20230930_21h03m31s_B08_3.png,20230930_21h03m31s_B08_3_mask.png
20230930_21h03m31s_B08_4.png,20230930_21h03m31s_B08_4_mask.png
20230930_21h03m35s_B09_1.png,20230930_21h03m35s_B09_1_mask.png
20230930_21h03m35s_B09_2.png,20230930_21h03m35s_B09_2_mask.png
20230930_21h03m35s_B09_3.png,20230930_21h03m35s_B09_3_mask.png
20230930_21h03m35s_B09_4.png,20230930_21h03m35s_B09_4_mask.png
20230930_21h03m39s_B10_1.png,20230930_21h03m39s_B10_1_mask.png
20230930_21h03m39s_B10_2.png,20230930_21h03m39s_B10_2_mask.png
20230930_21h03m39s_B10_3.png,20230930_21h03m39s_B10_3_mask.png
20230930_21h03m39s_B10_4.png,20230930_21h03m39s_B10_4_mask.png
20230930_21h03m42s_B11_1.png,20230930_21h03m42s_B11_1_mask.png
20230930_21h03m42s_B11_2.png,20230930_21h03m42s_B11_2_mask.png
20230930_21h03m42s_B11_3.png,20230930_21h03m42s_B11_3_mask.png
20230930_21h03m42s_B11_4.png,20230930_21h03m42s_B11_4_mask.png
20230930_21h03m46s_B12_1.png,20230930_21h03m46s_B12_1_mask.png
20230930_21h03m46s_B12_2.png,20230930_21h03m46s_B12_2_mask.png
20230930_21h03m46s_B12_3.png,20230930_21h03m46s_B12_3_mask.png
20230930_21h03m46s_B12_4.png,20230930_21h03m46s_B12_4_mask.png
20230930_21h03m50s_B13_1.png,20230930_21h03m50s_B13_1_mask.png
20230930_21h03m50s_B13_2.png,20230930_21h03m50s_B13_2_mask.png
20230930_21h03m50s_B13_3.png,20230930_21h03m50s_B13_3_mask.png
20230930_21h03m50s_B13_4.png,20230930_21h03m50s_B13_4_mask.png
20230930_21h32m57s_B01_1.png,20230930_21h32m57s_B01_1_mask.png
20230930_21h32m57s_B01_2.png,20230930_21h32m57s_B01_2_mask.png
20230930_21h33m00s_B02_1.png,20230930_21h33m00s_B02_1_mask.png
20230930_21h33m00s_B02_2.png,20230930_21h33m00s_B02_2_mask.png
20230930_21h33m00s_B02_3.png,20230930_21h33m00s_B02_3_mask.png
20230930_21h33m00s_B02_4.png,20230930_21h33m00s_B02_4_mask.png
20230930_21h33m03s_B03_1.png,20230930_21h33m03s_B03_1_mask.png
20230930_21h33m03s_B03_2.png,20230930_21h33m03s_B03_2_mask.png
20230930_21h33m03s_B03_3.png,20230930_21h33m03s_B03_3_mask.png
20230930_21h33m03s_B03_4.png,20230930_21h33m03s_B03_4_mask.png
20230930_21h33m06s_B04_1.png,20230930_21h33m06s_B04_1_mask.png
20230930_21h33m06s_B04_2.png,20230930_21h33m06s_B04_2_mask.png
20230930_21h33m06s_B04_3.png,20230930_21h33m06s_B04_3_mask.png
20230930_21h33m06s_B04_4.png,20230930_21h33m06s_B04_4_mask.png
20230930_21h33m09s_B05_1.png,20230930_21h33m09s_B05_1_mask.png
20230930_21h33m09s_B05_2.png,20230930_21h33m09s_B05_2_mask.png
20230930_21h33m09s_B05_3.png,20230930_21h33m09s_B05_3_mask.png
20230930_21h33m09s_B05_4.png,20230930_21h33m09s_B05_4_mask.png
20230930_21h33m13s_B06_1.png,20230930_21h33m13s_B06_1_mask.png
20230930_21h33m13s_B06_2.png,20230930_21h33m13s_B06_2_mask.png
20230930_21h33m13s_B06_3.png,20230930_21h33m13s_B06_3_mask.png
20230930_21h33m13s_B06_4.png,20230930_21h33m13s_B06_4_mask.png
20230930_21h33m16s_B07_1.png,20230930_21h33m16s_B07_1_mask.png
20230930_21h33m16s_B07_2.png,20230930_21h33m16s_B07_2_mask.png
20230930_21h33m23s_B08_1.png,20230930_21h33m23s_B08_1_mask.png
20230930_21h33m23s_B08_2.png,20230930_21h33m23s_B08_2_mask.png
20230930_21h33m23s_B08_3.png,20230930_21h33m23s_B08_3_mask.png
20230930_21h33m23s_B08_4.png,20230930_21h33m23s_B08_4_mask.png
20230930_21h33m28s_B09_1.png,20230930_21h33m28s_B09_1_mask.png
20230930_21h33m28s_B09_2.png,20230930_21h33m28s_B09_2_mask.png
20230930_21h33m28s_B09_3.png,20230930_21h33m28s_B09_3_mask.png
20230930_21h33m28s_B09_4.png,20230930_21h33m28s_B09_4_mask.png
20230930_21h33m31s_B10_1.png,20230930_21h33m31s_B10_1_mask.png
20230930_21h33m31s_B10_2.png,20230930_21h33m31s_B10_2_mask.png
20230930_21h33m31s_B10_3.png,20230930_21h33m31s_B10_3_mask.png
20230930_21h33m31s_B10_4.png,20230930_21h33m31s_B10_4_mask.png
20230930_21h33m35s_B11_1.png,20230930_21h33m35s_B11_1_mask.png
20230930_21h33m35s_B11_2.png,20230930_21h33m35s_B11_2_mask.png
20230930_21h33m35s_B11_3.png,20230930_21h33m35s_B11_3_mask.png
20230930_21h33m35s_B11_4.png,20230930_21h33m35s_B11_4_mask.png
20230930_21h33m39s_B12_1.png,20230930_21h33m39s_B12_1_mask.png
20230930_21h33m39s_B12_2.png,20230930_21h33m39s_B12_2_mask.png
20230930_21h33m39s_B12_3.png,20230930_21h33m39s_B12_3_mask.png
20230930_21h33m39s_B12_4.png,20230930_21h33m39s_B12_4_mask.png
20230930_21h33m43s_B13_1.png,20230930_21h33m43s_B13_1_mask.png
20230930_21h33m43s_B13_2.png,20230930_21h33m43s_B13_2_mask.png
20230930_21h33m43s_B13_3.png,20230930_21h33m43s_B13_3_mask.png
20230930_21h33m43s_B13_4.png,20230930_21h33m43s_B13_4_mask.png
20230930_21h37m30s_B01_1.png,20230930_21h37m30s_B01_1_mask.png
20230930_21h37m30s_B01_2.png,20230930_21h37m30s_B01_2_mask.png
20230930_21h37m33s_B02_1.png,20230930_21h37m33s_B02_1_mask.png
20230930_21h37m33s_B02_2.png,20230930_21h37m33s_B02_2_mask.png
20230930_21h37m33s_B02_3.png,20230930_21h37m33s_B02_3_mask.png
20230930_21h37m33s_B02_4.png,20230930_21h37m33s_B02_4_mask.png
20230930_21h37m37s_B03_1.png,20230930_21h37m37s_B03_1_mask.png
20230930_21h37m37s_B03_2.png,20230930_21h37m37s_B03_2_mask.png
20230930_21h37m37s_B03_3.png,20230930_21h37m37s_B03_3_mask.png
20230930_21h37m37s_B03_4.png,20230930_21h37m37s_B03_4_mask.png
20230930_21h37m40s_B04_1.png,20230930_21h37m40s_B04_1_mask.png
20230930_21h37m40s_B04_2.png,20230930_21h37m40s_B04_2_mask.png
20230930_21h37m40s_B04_3.png,20230930_21h37m40s_B04_3_mask.png
20230930_21h37m40s_B04_4.png,20230930_21h37m40s_B04_4_mask.png
20230930_21h37m44s_B05_1.png,20230930_21h37m44s_B05_1_mask.png
20230930_21h37m44s_B05_2.png,20230930_21h37m44s_B05_2_mask.png
20230930_21h37m44s_B05_3.png,20230930_21h37m44s_B05_3_mask.png
20230930_21h37m44s_B05_4.png,20230930_21h37m44s_B05_4_mask.png
20230930_21h37m47s_B06_1.png,20230930_21h37m47s_B06_1_mask.png
20230930_21h37m47s_B06_2.png,20230930_21h37m47s_B06_2_mask.png
20230930_21h37m47s_B06_3.png,20230930_21h37m47s_B06_3_mask.png
20230930_21h37m47s_B06_4.png,20230930_21h37m47s_B06_4_mask.png
20230930_21h37m51s_B07_1.png,20230930_21h37m51s_B07_1_mask.png
20230930_21h37m51s_B07_2.png,20230930_21h37m51s_B07_2_mask.png
20230930_21h37m58s_B08_1.png,20230930_21h37m58s_B08_1_mask.png
20230930_21h37m58s_B08_2.png,20230930_21h37m58s_B08_2_mask.png
20230930_21h37m58s_B08_3.png,20230930_21h37m58s_B08_3_mask.png
20230930_21h37m58s_B08_4.png,20230930_21h37m58s_B08_4_mask.png
20230930_21h38m02s_B09_1.png,20230930_21h38m02s_B09_1_mask.png
20230930_21h38m02s_B09_2.png,20230930_21h38m02s_B09_2_mask.png
20230930_21h38m02s_B09_3.png,20230930_21h38m02s_B09_3_mask.png
20230930_21h38m02s_B09_4.png,20230930_21h38m02s_B09_4_mask.png
20230930_21h38m05s_B10_1.png,20230930_21h38m05s_B10_1_mask.png
20230930_21h38m05s_B10_2.png,20230930_21h38m05s_B10_2_mask.png
20230930_21h38m05s_B10_3.png,20230930_21h38m05s_B10_3_mask.png
20230930_21h38m05s_B10_4.png,20230930_21h38m05s_B10_4_mask.png
20230930_21h38m09s_B11_1.png,20230930_21h38m09s_B11_1_mask.png
20230930_21h38m09s_B11_2.png,20230930_21h38m09s_B11_2_mask.png
20230930_21h38m09s_B11_3.png,20230930_21h38m09s_B11_3_mask.png
20230930_21h38m09s_B11_4.png,20230930_21h38m09s_B11_4_mask.png
20230930_21h38m13s_B12_1.png,20230930_21h38m13s_B12_1_mask.png
20230930_21h38m13s_B12_2.png,20230930_21h38m13s_B12_2_mask.png
20230930_21h38m13s_B12_3.png,20230930_21h38m13s_B12_3_mask.png
20230930_21h38m13s_B12_4.png,20230930_21h38m13s_B12_4_mask.png
20230930_21h38m17s_B13_1.png,20230930_21h38m17s_B13_1_mask.png
20230930_21h38m17s_B13_2.png,20230930_21h38m17s_B13_2_mask.png
20230930_21h38m17s_B13_3.png,20230930_21h38m17s_B13_3_mask.png
20230930_21h38m17s_B13_4.png,20230930_21h38m17s_B13_4_mask.png
20230930_21h41m32s_B01_1.png,20230930_21h41m32s_B01_1_mask.png
20230930_21h41m32s_B01_2.png,20230930_21h41m32s_B01_2_mask.png
20230930_21h41m35s_B02_1.png,20230930_21h41m35s_B02_1_mask.png
20230930_21h41m35s_B02_2.png,20230930_21h41m35s_B02_2_mask.png
20230930_21h41m35s_B02_3.png,20230930_21h41m35s_B02_3_mask.png
20230930_21h41m35s_B02_4.png,20230930_21h41m35s_B02_4_mask.png
20230930_21h41m38s_B03_1.png,20230930_21h41m38s_B03_1_mask.png
20230930_21h41m38s_B03_2.png,20230930_21h41m38s_B03_2_mask.png
20230930_21h41m38s_B03_3.png,20230930_21h41m38s_B03_3_mask.png
20230930_21h41m38s_B03_4.png,20230930_21h41m38s_B03_4_mask.png
20230930_21h41m42s_B04_1.png,20230930_21h41m42s_B04_1_mask.png
20230930_21h41m42s_B04_2.png,20230930_21h41m42s_B04_2_mask.png
20230930_21h41m42s_B04_3.png,20230930_21h41m42s_B04_3_mask.png
20230930_21h41m42s_B04_4.png,20230930_21h41m42s_B04_4_mask.png
20230930_21h41m45s_B05_1.png,20230930_21h41m45s_B05_1_mask.png
20230930_21h41m45s_B05_2.png,20230930_21h41m45s_B05_2_mask.png
20230930_21h41m45s_B05_3.png,20230930_21h41m45s_B05_3_mask.png
20230930_21h41m45s_B05_4.png,20230930_21h41m45s_B05_4_mask.png
20230930_21h41m49s_B06_1.png,20230930_21h41m49s_B06_1_mask.png
20230930_21h41m49s_B06_2.png,20230930_21h41m49s_B06_2_mask.png
20230930_21h41m49s_B06_3.png,20230930_21h41m49s_B06_3_mask.png
20230930_21h41m49s_B06_4.png,20230930_21h41m49s_B06_4_mask.png
20230930_21h41m53s_B07_1.png,20230930_21h41m53s_B07_1_mask.png
20230930_21h41m53s_B07_2.png,20230930_21h41m53s_B07_2_mask.png
20230930_21h42m00s_B08_1.png,20230930_21h42m00s_B08_1_mask.png
20230930_21h42m00s_B08_2.png,20230930_21h42m00s_B08_2_mask.png
20230930_21h42m00s_B08_3.png,20230930_21h42m00s_B08_3_mask.png
20230930_21h42m00s_B08_4.png,20230930_21h42m00s_B08_4_mask.png
20230930_21h42m04s_B09_1.png,20230930_21h42m04s_B09_1_mask.png
20230930_21h42m04s_B09_2.png,20230930_21h42m04s_B09_2_mask.png
20230930_21h42m04s_B09_3.png,20230930_21h42m04s_B09_3_mask.png
20230930_21h42m04s_B09_4.png,20230930_21h42m04s_B09_4_mask.png
20230930_21h42m08s_B10_1.png,20230930_21h42m08s_B10_1_mask.png
20230930_21h42m08s_B10_2.png,20230930_21h42m08s_B10_2_mask.png
20230930_21h42m08s_B10_3.png,20230930_21h42m08s_B10_3_mask.png
20230930_21h42m08s_B10_4.png,20230930_21h42m08s_B10_4_mask.png
20230930_21h42m11s_B11_1.png,20230930_21h42m11s_B11_1_mask.png
20230930_21h42m11s_B11_2.png,20230930_21h42m11s_B11_2_mask.png
20230930_21h42m11s_B11_3.png,20230930_21h42m11s_B11_3_mask.png
20230930_21h42m11s_B11_4.png,20230930_21h42m11s_B11_4_mask.png
20230930_21h42m15s_B12_1.png,20230930_21h42m15s_B12_1_mask.png
20230930_21h42m15s_B12_2.png,20230930_21h42m15s_B12_2_mask.png
20230930_21h42m15s_B12_3.png,20230930_21h42m15s_B12_3_mask.png
20230930_21h42m15s_B12_4.png,20230930_21h42m15s_B12_4_mask.png
20230930_21h42m18s_B13_1.png,20230930_21h42m18s_B13_1_mask.png
20230930_21h42m18s_B13_2.png,20230930_21h42m18s_B13_2_mask.png
20230930_21h42m18s_B13_3.png,20230930_21h42m18s_B13_3_mask.png
20230930_21h42m18s_B13_4.png,20230930_21h42m18s_B13_4_mask.png
20230930_21h43m33s_B01_1.png,20230930_21h43m33s_B01_1_mask.png
20230930_21h43m33s_B01_2.png,20230930_21h43m33s_B01_2_mask.png
20230930_21h43m36s_B02_1.png,20230930_21h43m36s_B02_1_mask.png
20230930_21h43m36s_B02_2.png,20230930_21h43m36s_B02_2_mask.png
20230930_21h43m36s_B02_3.png,20230930_21h43m36s_B02_3_mask.png
20230930_21h43m36s_B02_4.png,20230930_21h43m36s_B02_4_mask.png
20230930_21h43m40s_B03_1.png,20230930_21h43m40s_B03_1_mask.png
20230930_21h43m40s_B03_2.png,20230930_21h43m40s_B03_2_mask.png
20230930_21h43m40s_B03_3.png,20230930_21h43m40s_B03_3_mask.png
20230930_21h43m40s_B03_4.png,20230930_21h43m40s_B03_4_mask.png
20230930_21h43m43s_B04_1.png,20230930_21h43m43s_B04_1_mask.png
20230930_21h43m43s_B04_2.png,20230930_21h43m43s_B04_2_mask.png
20230930_21h43m43s_B04_3.png,20230930_21h43m43s_B04_3_mask.png
20230930_21h43m43s_B04_4.png,20230930_21h43m43s_B04_4_mask.png
20230930_21h43m48s_B05_1.png,20230930_21h43m48s_B05_1_mask.png
20230930_21h43m48s_B05_2.png,20230930_21h43m48s_B05_2_mask.png
20230930_21h43m48s_B05_3.png,20230930_21h43m48s_B05_3_mask.png
20230930_21h43m48s_B05_4.png,20230930_21h43m48s_B05_4_mask.png
20230930_21h43m51s_B06_1.png,20230930_21h43m51s_B06_1_mask.png
20230930_21h43m51s_B06_2.png,20230930_21h43m51s_B06_2_mask.png
20230930_21h43m51s_B06_3.png,20230930_21h43m51s_B06_3_mask.png
20230930_21h43m51s_B06_4.png,20230930_21h43m51s_B06_4_mask.png
20230930_21h43m55s_B07_1.png,20230930_21h43m55s_B07_1_mask.png
20230930_21h43m55s_B07_2.png,20230930_21h43m55s_B07_2_mask.png
20230930_21h44m02s_B08_1.png,20230930_21h44m02s_B08_1_mask.png
20230930_21h44m02s_B08_2.png,20230930_21h44m02s_B08_2_mask.png
20230930_21h44m02s_B08_3.png,20230930_21h44m02s_B08_3_mask.png
20230930_21h44m02s_B08_4.png,20230930_21h44m02s_B08_4_mask.png
20230930_21h44m06s_B09_1.png,20230930_21h44m06s_B09_1_mask.png
20230930_21h44m06s_B09_2.png,20230930_21h44m06s_B09_2_mask.png
20230930_21h44m06s_B09_3.png,20230930_21h44m06s_B09_3_mask.png
20230930_21h44m06s_B09_4.png,20230930_21h44m06s_B09_4_mask.png
20230930_21h44m09s_B10_1.png,20230930_21h44m09s_B10_1_mask.png
20230930_21h44m09s_B10_2.png,20230930_21h44m09s_B10_2_mask.png
20230930_21h44m09s_B10_3.png,20230930_21h44m09s_B10_3_mask.png
20230930_21h44m09s_B10_4.png,20230930_21h44m09s_B10_4_mask.png
20230930_21h44m13s_B11_1.png,20230930_21h44m13s_B11_1_mask.png
20230930_21h44m13s_B11_2.png,20230930_21h44m13s_B11_2_mask.png
20230930_21h44m13s_B11_3.png,20230930_21h44m13s_B11_3_mask.png
20230930_21h44m13s_B11_4.png,20230930_21h44m13s_B11_4_mask.png
20230930_21h44m17s_B12_1.png,20230930_21h44m17s_B12_1_mask.png
20230930_21h44m17s_B12_2.png,20230930_21h44m17s_B12_2_mask.png
20230930_21h44m17s_B12_3.png,20230930_21h44m17s_B12_3_mask.png
20230930_21h44m17s_B12_4.png,20230930_21h44m17s_B12_4_mask.png
20230930_21h44m20s_B13_1.png,20230930_21h44m20s_B13_1_mask.png
20230930_21h44m20s_B13_2.png,20230930_21h44m20s_B13_2_mask.png
20230930_21h44m20s_B13_3.png,20230930_21h44m20s_B13_3_mask.png
20230930_21h44m20s_B13_4.png,20230930_21h44m20s_B13_4_mask.png
20230930_21h46m29s_B01_1.png,20230930_21h46m29s_B01_1_mask.png
20230930_21h46m29s_B01_2.png,20230930_21h46m29s_B01_2_mask.png
20230930_21h46m31s_B02_1.png,20230930_21h46m31s_B02_1_mask.png
20230930_21h46m31s_B02_2.png,20230930_21h46m31s_B02_2_mask.png
20230930_21h46m31s_B02_3.png,20230930_21h46m31s_B02_3_mask.png
20230930_21h46m31s_B02_4.png,20230930_21h46m31s_B02_4_mask.png
20230930_21h46m35s_B03_1.png,20230930_21h46m35s_B03_1_mask.png
20230930_21h46m35s_B03_2.png,20230930_21h46m35s_B03_2_mask.png
20230930_21h46m35s_B03_3.png,20230930_21h46m35s_B03_3_mask.png
20230930_21h46m35s_B03_4.png,20230930_21h46m35s_B03_4_mask.png
20230930_21h46m38s_B04_1.png,20230930_21h46m38s_B04_1_mask.png
20230930_21h46m38s_B04_2.png,20230930_21h46m38s_B04_2_mask.png
20230930_21h46m38s_B04_3.png,20230930_21h46m38s_B04_3_mask.png
20230930_21h46m38s_B04_4.png,20230930_21h46m38s_B04_4_mask.png
20230930_21h46m41s_B05_1.png,20230930_21h46m41s_B05_1_mask.png
20230930_21h46m41s_B05_2.png,20230930_21h46m41s_B05_2_mask.png
20230930_21h46m41s_B05_3.png,20230930_21h46m41s_B05_3_mask.png
20230930_21h46m41s_B05_4.png,20230930_21h46m41s_B05_4_mask.png
20230930_21h46m44s_B06_1.png,20230930_21h46m44s_B06_1_mask.png
20230930_21h46m44s_B06_2.png,20230930_21h46m44s_B06_2_mask.png
20230930_21h46m44s_B06_3.png,20230930_21h46m44s_B06_3_mask.png
20230930_21h46m44s_B06_4.png,20230930_21h46m44s_B06_4_mask.png
20230930_21h46m49s_B07_1.png,20230930_21h46m49s_B07_1_mask.png
20230930_21h46m49s_B07_2.png,20230930_21h46m49s_B07_2_mask.png
20230930_21h46m55s_B08_1.png,20230930_21h46m55s_B08_1_mask.png
20230930_21h46m55s_B08_2.png,20230930_21h46m55s_B08_2_mask.png
20230930_21h46m55s_B08_3.png,20230930_21h46m55s_B08_3_mask.png
20230930_21h46m55s_B08_4.png,20230930_21h46m55s_B08_4_mask.png
20230930_21h46m59s_B09_1.png,20230930_21h46m59s_B09_1_mask.png
20230930_21h46m59s_B09_2.png,20230930_21h46m59s_B09_2_mask.png
20230930_21h46m59s_B09_3.png,20230930_21h46m59s_B09_3_mask.png
20230930_21h46m59s_B09_4.png,20230930_21h46m59s_B09_4_mask.png
20230930_21h47m04s_B10_1.png,20230930_21h47m04s_B10_1_mask.png
20230930_21h47m04s_B10_2.png,20230930_21h47m04s_B10_2_mask.png
20230930_21h47m04s_B10_3.png,20230930_21h47m04s_B10_3_mask.png
20230930_21h47m04s_B10_4.png,20230930_21h47m04s_B10_4_mask.png
20230930_21h47m08s_B11_1.png,20230930_21h47m08s_B11_1_mask.png
20230930_21h47m08s_B11_2.png,20230930_21h47m08s_B11_2_mask.png
20230930_21h47m08s_B11_3.png,20230930_21h47m08s_B11_3_mask.png
20230930_21h47m08s_B11_4.png,20230930_21h47m08s_B11_4_mask.png
20230930_21h47m11s_B12_1.png,20230930_21h47m11s_B12_1_mask.png
20230930_21h47m11s_B12_2.png,20230930_21h47m11s_B12_2_mask.png
20230930_21h47m11s_B12_3.png,20230930_21h47m11s_B12_3_mask.png
20230930_21h47m11s_B12_4.png,20230930_21h47m11s_B12_4_mask.png
20230930_21h47m15s_B13_1.png,20230930_21h47m15s_B13_1_mask.png
20230930_21h47m15s_B13_2.png,20230930_21h47m15s_B13_2_mask.png
20230930_21h47m15s_B13_3.png,20230930_21h47m15s_B13_3_mask.png
20230930_21h47m15s_B13_4.png,20230930_21h47m15s_B13_4_mask.png
20230930_21h48m32s_B01_1.png,20230930_21h48m32s_B01_1_mask.png
20230930_21h48m32s_B01_2.png,20230930_21h48m32s_B01_2_mask.png
20230930_21h48m35s_B02_1.png,20230930_21h48m35s_B02_1_mask.png
20230930_21h48m35s_B02_2.png,20230930_21h48m35s_B02_2_mask.png
20230930_21h48m35s_B02_3.png,20230930_21h48m35s_B02_3_mask.png
20230930_21h48m35s_B02_4.png,20230930_21h48m35s_B02_4_mask.png
20230930_21h48m38s_B03_1.png,20230930_21h48m38s_B03_1_mask.png
20230930_21h48m38s_B03_2.png,20230930_21h48m38s_B03_2_mask.png
20230930_21h48m38s_B03_3.png,20230930_21h48m38s_B03_3_mask.png
20230930_21h48m38s_B03_4.png,20230930_21h48m38s_B03_4_mask.png
20230930_21h48m41s_B04_1.png,20230930_21h48m41s_B04_1_mask.png
20230930_21h48m41s_B04_2.png,20230930_21h48m41s_B04_2_mask.png
20230930_21h48m41s_B04_3.png,20230930_21h48m41s_B04_3_mask.png
20230930_21h48m41s_B04_4.png,20230930_21h48m41s_B04_4_mask.png
20230930_21h48m44s_B05_1.png,20230930_21h48m44s_B05_1_mask.png
20230930_21h48m44s_B05_2.png,20230930_21h48m44s_B05_2_mask.png
20230930_21h48m44s_B05_3.png,20230930_21h48m44s_B05_3_mask.png
20230930_21h48m44s_B05_4.png,20230930_21h48m44s_B05_4_mask.png
20230930_21h48m48s_B06_1.png,20230930_21h48m48s_B06_1_mask.png
20230930_21h48m48s_B06_2.png,20230930_21h48m48s_B06_2_mask.png
20230930_21h48m48s_B06_3.png,20230930_21h48m48s_B06_3_mask.png
20230930_21h48m48s_B06_4.png,20230930_21h48m48s_B06_4_mask.png
20230930_21h48m51s_B07_1.png,20230930_21h48m51s_B07_1_mask.png
20230930_21h48m51s_B07_2.png,20230930_21h48m51s_B07_2_mask.png
20230930_21h48m58s_B08_1.png,20230930_21h48m58s_B08_1_mask.png
20230930_21h48m58s_B08_2.png,20230930_21h48m58s_B08_2_mask.png
20230930_21h48m58s_B08_3.png,20230930_21h48m58s_B08_3_mask.png
20230930_21h48m58s_B08_4.png,20230930_21h48m58s_B08_4_mask.png
20230930_21h49m02s_B09_1.png,20230930_21h49m02s_B09_1_mask.png
20230930_21h49m02s_B09_2.png,20230930_21h49m02s_B09_2_mask.png
20230930_21h49m02s_B09_3.png,20230930_21h49m02s_B09_3_mask.png
20230930_21h49m02s_B09_4.png,20230930_21h49m02s_B09_4_mask.png
20230930_21h49m06s_B10_1.png,20230930_21h49m06s_B10_1_mask.png
20230930_21h49m06s_B10_2.png,20230930_21h49m06s_B10_2_mask.png
20230930_21h49m06s_B10_3.png,20230930_21h49m06s_B10_3_mask.png
20230930_21h49m06s_B10_4.png,20230930_21h49m06s_B10_4_mask.png
20230930_21h49m09s_B11_1.png,20230930_21h49m09s_B11_1_mask.png
20230930_21h49m09s_B11_2.png,20230930_21h49m09s_B11_2_mask.png
20230930_21h49m09s_B11_3.png,20230930_21h49m09s_B11_3_mask.png
20230930_21h49m09s_B11_4.png,20230930_21h49m09s_B11_4_mask.png
20230930_21h49m13s_B12_1.png,20230930_21h49m13s_B12_1_mask.png
20230930_21h49m13s_B12_2.png,20230930_21h49m13s_B12_2_mask.png
20230930_21h49m13s_B12_3.png,20230930_21h49m13s_B12_3_mask.png
20230930_21h49m13s_B12_4.png,20230930_21h49m13s_B12_4_mask.png
20230930_21h49m16s_B13_1.png,20230930_21h49m16s_B13_1_mask.png
20230930_21h49m16s_B13_2.png,20230930_21h49m16s_B13_2_mask.png
20230930_21h49m16s_B13_3.png,20230930_21h49m16s_B13_3_mask.png
20230930_21h49m16s_B13_4.png,20230930_21h49m16s_B13_4_mask.png
20230930_21h50m34s_B01_1.png,20230930_21h50m34s_B01_1_mask.png
20230930_21h50m34s_B01_2.png,20230930_21h50m34s_B01_2_mask.png
20230930_21h50m36s_B02_1.png,20230930_21h50m36s_B02_1_mask.png
20230930_21h50m36s_B02_2.png,20230930_21h50m36s_B02_2_mask.png
20230930_21h50m36s_B02_3.png,20230930_21h50m36s_B02_3_mask.png
20230930_21h50m36s_B02_4.png,20230930_21h50m36s_B02_4_mask.png
20230930_21h50m39s_B03_1.png,20230930_21h50m39s_B03_1_mask.png
20230930_21h50m39s_B03_2.png,20230930_21h50m39s_B03_2_mask.png
20230930_21h50m39s_B03_3.png,20230930_21h50m39s_B03_3_mask.png
20230930_21h50m39s_B03_4.png,20230930_21h50m39s_B03_4_mask.png
20230930_21h50m42s_B04_1.png,20230930_21h50m42s_B04_1_mask.png
20230930_21h50m42s_B04_2.png,20230930_21h50m42s_B04_2_mask.png
20230930_21h50m42s_B04_3.png,20230930_21h50m42s_B04_3_mask.png
20230930_21h50m42s_B04_4.png,20230930_21h50m42s_B04_4_mask.png
20230930_21h50m46s_B05_1.png,20230930_21h50m46s_B05_1_mask.png
20230930_21h50m46s_B05_2.png,20230930_21h50m46s_B05_2_mask.png
20230930_21h50m46s_B05_3.png,20230930_21h50m46s_B05_3_mask.png
20230930_21h50m46s_B05_4.png,20230930_21h50m46s_B05_4_mask.png
20230930_21h50m49s_B06_1.png,20230930_21h50m49s_B06_1_mask.png
20230930_21h50m49s_B06_2.png,20230930_21h50m49s_B06_2_mask.png
20230930_21h50m49s_B06_3.png,20230930_21h50m49s_B06_3_mask.png
20230930_21h50m49s_B06_4.png,20230930_21h50m49s_B06_4_mask.png
20230930_21h50m53s_B07_1.png,20230930_21h50m53s_B07_1_mask.png
20230930_21h50m53s_B07_2.png,20230930_21h50m53s_B07_2_mask.png
20230930_21h51m01s_B08_1.png,20230930_21h51m01s_B08_1_mask.png
20230930_21h51m01s_B08_2.png,20230930_21h51m01s_B08_2_mask.png
20230930_21h51m01s_B08_3.png,20230930_21h51m01s_B08_3_mask.png
20230930_21h51m01s_B08_4.png,20230930_21h51m01s_B08_4_mask.png
20230930_21h51m05s_B09_1.png,20230930_21h51m05s_B09_1_mask.png
20230930_21h51m05s_B09_2.png,20230930_21h51m05s_B09_2_mask.png
20230930_21h51m05s_B09_3.png,20230930_21h51m05s_B09_3_mask.png
20230930_21h51m05s_B09_4.png,20230930_21h51m05s_B09_4_mask.png
20230930_21h51m08s_B10_1.png,20230930_21h51m08s_B10_1_mask.png
20230930_21h51m08s_B10_2.png,20230930_21h51m08s_B10_2_mask.png
20230930_21h51m08s_B10_3.png,20230930_21h51m08s_B10_3_mask.png
20230930_21h51m08s_B10_4.png,20230930_21h51m08s_B10_4_mask.png
20230930_21h51m12s_B11_1.png,20230930_21h51m12s_B11_1_mask.png
20230930_21h51m12s_B11_2.png,20230930_21h51m12s_B11_2_mask.png
20230930_21h51m12s_B11_3.png,20230930_21h51m12s_B11_3_mask.png
20230930_21h51m12s_B11_4.png,20230930_21h51m12s_B11_4_mask.png
20230930_21h51m16s_B12_1.png,20230930_21h51m16s_B12_1_mask.png
20230930_21h51m16s_B12_2.png,20230930_21h51m16s_B12_2_mask.png
20230930_21h51m16s_B12_3.png,20230930_21h51m16s_B12_3_mask.png
20230930_21h51m16s_B12_4.png,20230930_21h51m16s_B12_4_mask.png
20230930_21h51m20s_B13_1.png,20230930_21h51m20s_B13_1_mask.png
20230930_21h51m20s_B13_2.png,20230930_21h51m20s_B13_2_mask.png
20230930_21h51m20s_B13_3.png,20230930_21h51m20s_B13_3_mask.png
20230930_21h51m20s_B13_4.png,20230930_21h51m20s_B13_4_mask.png
20231001_09h13m22s_B01_1.png,20231001_09h13m22s_B01_1_mask.png
20231001_09h13m22s_B01_2.png,20231001_09h13m22s_B01_2_mask.png
20231001_09h13m24s_B02_1.png,20231001_09h13m24s_B02_1_mask.png
20231001_09h13m24s_B02_2.png,20231001_09h13m24s_B02_2_mask.png
20231001_09h13m24s_B02_3.png,20231001_09h13m24s_B02_3_mask.png
20231001_09h13m24s_B02_4.png,20231001_09h13m24s_B02_4_mask.png
20231001_09h13m28s_B03_1.png,20231001_09h13m28s_B03_1_mask.png
20231001_09h13m28s_B03_2.png,20231001_09h13m28s_B03_2_mask.png
20231001_09h13m28s_B03_3.png,20231001_09h13m28s_B03_3_mask.png
20231001_09h13m28s_B03_4.png,20231001_09h13m28s_B03_4_mask.png
20231001_09h13m32s_B04_1.png,20231001_09h13m32s_B04_1_mask.png
20231001_09h13m32s_B04_2.png,20231001_09h13m32s_B04_2_mask.png
20231001_09h13m32s_B04_3.png,20231001_09h13m32s_B04_3_mask.png
20231001_09h13m32s_B04_4.png,20231001_09h13m32s_B04_4_mask.png
20231001_09h13m36s_B05_1.png,20231001_09h13m36s_B05_1_mask.png
20231001_09h13m36s_B05_2.png,20231001_09h13m36s_B05_2_mask.png
20231001_09h13m36s_B05_3.png,20231001_09h13m36s_B05_3_mask.png
20231001_09h13m36s_B05_4.png,20231001_09h13m36s_B05_4_mask.png
20231001_09h13m40s_B06_1.png,20231001_09h13m40s_B06_1_mask.png
20231001_09h13m40s_B06_2.png,20231001_09h13m40s_B06_2_mask.png
20231001_09h13m40s_B06_3.png,20231001_09h13m40s_B06_3_mask.png
20231001_09h13m40s_B06_4.png,20231001_09h13m40s_B06_4_mask.png
20231001_09h13m43s_B07_1.png,20231001_09h13m43s_B07_1_mask.png
20231001_09h13m43s_B07_2.png,20231001_09h13m43s_B07_2_mask.png
20231001_09h13m50s_B08_1.png,20231001_09h13m50s_B08_1_mask.png
20231001_09h13m50s_B08_2.png,20231001_09h13m50s_B08_2_mask.png
20231001_09h13m50s_B08_3.png,20231001_09h13m50s_B08_3_mask.png
20231001_09h13m50s_B08_4.png,20231001_09h13m50s_B08_4_mask.png
20231001_09h13m53s_B09_1.png,20231001_09h13m53s_B09_1_mask.png
20231001_09h13m53s_B09_2.png,20231001_09h13m53s_B09_2_mask.png
20231001_09h13m53s_B09_3.png,20231001_09h13m53s_B09_3_mask.png
20231001_09h13m53s_B09_4.png,20231001_09h13m53s_B09_4_mask.png
20231001_09h13m57s_B10_1.png,20231001_09h13m57s_B10_1_mask.png
20231001_09h13m57s_B10_2.png,20231001_09h13m57s_B10_2_mask.png
20231001_09h13m57s_B10_3.png,20231001_09h13m57s_B10_3_mask.png
20231001_09h13m57s_B10_4.png,20231001_09h13m57s_B10_4_mask.png
20231001_09h14m01s_B11_1.png,20231001_09h14m01s_B11_1_mask.png
20231001_09h14m01s_B11_2.png,20231001_09h14m01s_B11_2_mask.png
20231001_09h14m01s_B11_3.png,20231001_09h14m01s_B11_3_mask.png
20231001_09h14m01s_B11_4.png,20231001_09h14m01s_B11_4_mask.png
20231001_09h14m05s_B12_1.png,20231001_09h14m05s_B12_1_mask.png
20231001_09h14m05s_B12_2.png,20231001_09h14m05s_B12_2_mask.png
20231001_09h14m05s_B12_3.png,20231001_09h14m05s_B12_3_mask.png
20231001_09h14m05s_B12_4.png,20231001_09h14m05s_B12_4_mask.png
20231001_09h14m08s_B13_1.png,20231001_09h14m08s_B13_1_mask.png
20231001_09h14m08s_B13_2.png,20231001_09h14m08s_B13_2_mask.png
20231001_09h14m08s_B13_3.png,20231001_09h14m08s_B13_3_mask.png
20231001_09h14m08s_B13_4.png,20231001_09h14m08s_B13_4_mask.png
20231001_09h17m39s_B01_1.png,20231001_09h17m39s_B01_1_mask.png
20231001_09h17m39s_B01_2.png,20231001_09h17m39s_B01_2_mask.png
20231001_09h17m42s_B02_1.png,20231001_09h17m42s_B02_1_mask.png
20231001_09h17m42s_B02_2.png,20231001_09h17m42s_B02_2_mask.png
20231001_09h17m42s_B02_3.png,20231001_09h17m42s_B02_3_mask.png
20231001_09h17m42s_B02_4.png,20231001_09h17m42s_B02_4_mask.png
20231001_09h17m45s_B03_1.png,20231001_09h17m45s_B03_1_mask.png
20231001_09h17m45s_B03_2.png,20231001_09h17m45s_B03_2_mask.png
20231001_09h17m45s_B03_3.png,20231001_09h17m45s_B03_3_mask.png
20231001_09h17m45s_B03_4.png,20231001_09h17m45s_B03_4_mask.png
20231001_09h17m49s_B04_1.png,20231001_09h17m49s_B04_1_mask.png
20231001_09h17m49s_B04_2.png,20231001_09h17m49s_B04_2_mask.png
20231001_09h17m49s_B04_3.png,20231001_09h17m49s_B04_3_mask.png
20231001_09h17m49s_B04_4.png,20231001_09h17m49s_B04_4_mask.png
20231001_09h17m52s_B05_1.png,20231001_09h17m52s_B05_1_mask.png
20231001_09h17m52s_B05_2.png,20231001_09h17m52s_B05_2_mask.png
20231001_09h17m52s_B05_3.png,20231001_09h17m52s_B05_3_mask.png
20231001_09h17m52s_B05_4.png,20231001_09h17m52s_B05_4_mask.png
20231001_09h17m56s_B06_1.png,20231001_09h17m56s_B06_1_mask.png
20231001_09h17m56s_B06_2.png,20231001_09h17m56s_B06_2_mask.png
20231001_09h17m56s_B06_3.png,20231001_09h17m56s_B06_3_mask.png
20231001_09h17m56s_B06_4.png,20231001_09h17m56s_B06_4_mask.png
20231001_09h17m59s_B07_1.png,20231001_09h17m59s_B07_1_mask.png
20231001_09h17m59s_B07_2.png,20231001_09h17m59s_B07_2_mask.png
20231001_09h18m06s_B08_1.png,20231001_09h18m06s_B08_1_mask.png
20231001_09h18m06s_B08_2.png,20231001_09h18m06s_B08_2_mask.png
20231001_09h18m06s_B08_3.png,20231001_09h18m06s_B08_3_mask.png
20231001_09h18m06s_B08_4.png,20231001_09h18m06s_B08_4_mask.png
20231001_09h18m09s_B09_1.png,20231001_09h18m09s_B09_1_mask.png
20231001_09h18m09s_B09_2.png,20231001_09h18m09s_B09_2_mask.png
20231001_09h18m09s_B09_3.png,20231001_09h18m09s_B09_3_mask.png
20231001_09h18m09s_B09_4.png,20231001_09h18m09s_B09_4_mask.png
20231001_09h18m13s_B10_1.png,20231001_09h18m13s_B10_1_mask.png
20231001_09h18m13s_B10_2.png,20231001_09h18m13s_B10_2_mask.png
20231001_09h18m13s_B10_3.png,20231001_09h18m13s_B10_3_mask.png
20231001_09h18m13s_B10_4.png,20231001_09h18m13s_B10_4_mask.png
20231001_09h18m17s_B11_1.png,20231001_09h18m17s_B11_1_mask.png
20231001_09h18m17s_B11_2.png,20231001_09h18m17s_B11_2_mask.png
20231001_09h18m17s_B11_3.png,20231001_09h18m17s_B11_3_mask.png
20231001_09h18m17s_B11_4.png,20231001_09h18m17s_B11_4_mask.png
20231001_09h18m21s_B12_1.png,20231001_09h18m21s_B12_1_mask.png
20231001_09h18m21s_B12_2.png,20231001_09h18m21s_B12_2_mask.png
20231001_09h18m21s_B12_3.png,20231001_09h18m21s_B12_3_mask.png
20231001_09h18m21s_B12_4.png,20231001_09h18m21s_B12_4_mask.png
20231001_09h18m24s_B13_1.png,20231001_09h18m24s_B13_1_mask.png
20231001_09h18m24s_B13_2.png,20231001_09h18m24s_B13_2_mask.png
20231001_09h18m24s_B13_3.png,20231001_09h18m24s_B13_3_mask.png
20231001_09h18m24s_B13_4.png,20231001_09h18m24s_B13_4_mask.png
20231001_09h20m46s_B01_1.png,20231001_09h20m46s_B01_1_mask.png
20231001_09h20m46s_B01_2.png,20231001_09h20m46s_B01_2_mask.png
20231001_09h20m49s_B02_1.png,20231001_09h20m49s_B02_1_mask.png
20231001_09h20m49s_B02_2.png,20231001_09h20m49s_B02_2_mask.png
20231001_09h20m49s_B02_3.png,20231001_09h20m49s_B02_3_mask.png
20231001_09h20m49s_B02_4.png,20231001_09h20m49s_B02_4_mask.png
20231001_09h20m52s_B03_1.png,20231001_09h20m52s_B03_1_mask.png
20231001_09h20m52s_B03_2.png,20231001_09h20m52s_B03_2_mask.png
20231001_09h20m52s_B03_3.png,20231001_09h20m52s_B03_3_mask.png
20231001_09h20m52s_B03_4.png,20231001_09h20m52s_B03_4_mask.png
20231001_09h20m56s_B04_1.png,20231001_09h20m56s_B04_1_mask.png
20231001_09h20m56s_B04_2.png,20231001_09h20m56s_B04_2_mask.png
20231001_09h20m56s_B04_3.png,20231001_09h20m56s_B04_3_mask.png
20231001_09h20m56s_B04_4.png,20231001_09h20m56s_B04_4_mask.png
20231001_09h21m00s_B05_1.png,20231001_09h21m00s_B05_1_mask.png
20231001_09h21m00s_B05_2.png,20231001_09h21m00s_B05_2_mask.png
20231001_09h21m00s_B05_3.png,20231001_09h21m00s_B05_3_mask.png
20231001_09h21m00s_B05_4.png,20231001_09h21m00s_B05_4_mask.png
20231001_09h21m03s_B06_1.png,20231001_09h21m03s_B06_1_mask.png
20231001_09h21m03s_B06_2.png,20231001_09h21m03s_B06_2_mask.png
20231001_09h21m03s_B06_3.png,20231001_09h21m03s_B06_3_mask.png
20231001_09h21m03s_B06_4.png,20231001_09h21m03s_B06_4_mask.png
20231001_09h21m07s_B07_1.png,20231001_09h21m07s_B07_1_mask.png
20231001_09h21m07s_B07_2.png,20231001_09h21m07s_B07_2_mask.png
20231001_09h21m14s_B08_1.png,20231001_09h21m14s_B08_1_mask.png
20231001_09h21m14s_B08_2.png,20231001_09h21m14s_B08_2_mask.png
20231001_09h21m14s_B08_3.png,20231001_09h21m14s_B08_3_mask.png
20231001_09h21m14s_B08_4.png,20231001_09h21m14s_B08_4_mask.png
20231001_09h21m17s_B09_1.png,20231001_09h21m17s_B09_1_mask.png
20231001_09h21m17s_B09_2.png,20231001_09h21m17s_B09_2_mask.png
20231001_09h21m17s_B09_3.png,20231001_09h21m17s_B09_3_mask.png
20231001_09h21m17s_B09_4.png,20231001_09h21m17s_B09_4_mask.png
20231001_09h21m21s_B10_1.png,20231001_09h21m21s_B10_1_mask.png
20231001_09h21m21s_B10_2.png,20231001_09h21m21s_B10_2_mask.png
20231001_09h21m21s_B10_3.png,20231001_09h21m21s_B10_3_mask.png
20231001_09h21m21s_B10_4.png,20231001_09h21m21s_B10_4_mask.png
20231001_09h21m25s_B11_1.png,20231001_09h21m25s_B11_1_mask.png
20231001_09h21m25s_B11_2.png,20231001_09h21m25s_B11_2_mask.png
20231001_09h21m25s_B11_3.png,20231001_09h21m25s_B11_3_mask.png
20231001_09h21m25s_B11_4.png,20231001_09h21m25s_B11_4_mask.png
20231001_09h21m29s_B12_1.png,20231001_09h21m29s_B12_1_mask.png
20231001_09h21m29s_B12_2.png,20231001_09h21m29s_B12_2_mask.png
20231001_09h21m29s_B12_3.png,20231001_09h21m29s_B12_3_mask.png
20231001_09h21m29s_B12_4.png,20231001_09h21m29s_B12_4_mask.png
20231001_09h21m32s_B13_1.png,20231001_09h21m32s_B13_1_mask.png
20231001_09h21m32s_B13_2.png,20231001_09h21m32s_B13_2_mask.png
20231001_09h21m32s_B13_3.png,20231001_09h21m32s_B13_3_mask.png
20231001_09h21m32s_B13_4.png,20231001_09h21m32s_B13_4_mask.png
20231001_09h23m59s_B01_1.png,20231001_09h23m59s_B01_1_mask.png
20231001_09h23m59s_B01_2.png,20231001_09h23m59s_B01_2_mask.png
20231001_09h24m01s_B02_1.png,20231001_09h24m01s_B02_1_mask.png
20231001_09h24m01s_B02_2.png,20231001_09h24m01s_B02_2_mask.png
20231001_09h24m01s_B02_3.png,20231001_09h24m01s_B02_3_mask.png
20231001_09h24m01s_B02_4.png,20231001_09h24m01s_B02_4_mask.png
20231001_09h24m04s_B03_1.png,20231001_09h24m04s_B03_1_mask.png
20231001_09h24m04s_B03_2.png,20231001_09h24m04s_B03_2_mask.png
20231001_09h24m04s_B03_3.png,20231001_09h24m04s_B03_3_mask.png
20231001_09h24m04s_B03_4.png,20231001_09h24m04s_B03_4_mask.png
20231001_09h24m07s_B04_1.png,20231001_09h24m07s_B04_1_mask.png
20231001_09h24m07s_B04_2.png,20231001_09h24m07s_B04_2_mask.png
20231001_09h24m07s_B04_3.png,20231001_09h24m07s_B04_3_mask.png
20231001_09h24m07s_B04_4.png,20231001_09h24m07s_B04_4_mask.png
20231001_09h24m11s_B05_1.png,20231001_09h24m11s_B05_1_mask.png
20231001_09h24m11s_B05_2.png,20231001_09h24m11s_B05_2_mask.png
20231001_09h24m11s_B05_3.png,20231001_09h24m11s_B05_3_mask.png
20231001_09h24m11s_B05_4.png,20231001_09h24m11s_B05_4_mask.png
20231001_09h24m14s_B06_1.png,20231001_09h24m14s_B06_1_mask.png
20231001_09h24m14s_B06_2.png,20231001_09h24m14s_B06_2_mask.png
20231001_09h24m14s_B06_3.png,20231001_09h24m14s_B06_3_mask.png
20231001_09h24m14s_B06_4.png,20231001_09h24m14s_B06_4_mask.png
20231001_09h24m18s_B07_1.png,20231001_09h24m18s_B07_1_mask.png
20231001_09h24m18s_B07_2.png,20231001_09h24m18s_B07_2_mask.png
20231001_09h24m25s_B08_1.png,20231001_09h24m25s_B08_1_mask.png
20231001_09h24m25s_B08_2.png,20231001_09h24m25s_B08_2_mask.png
20231001_09h24m25s_B08_3.png,20231001_09h24m25s_B08_3_mask.png
20231001_09h24m25s_B08_4.png,20231001_09h24m25s_B08_4_mask.png
20231001_09h24m28s_B09_1.png,20231001_09h24m28s_B09_1_mask.png
20231001_09h24m28s_B09_2.png,20231001_09h24m28s_B09_2_mask.png
20231001_09h24m28s_B09_3.png,20231001_09h24m28s_B09_3_mask.png
20231001_09h24m28s_B09_4.png,20231001_09h24m28s_B09_4_mask.png
20231001_09h24m32s_B10_1.png,20231001_09h24m32s_B10_1_mask.png
20231001_09h24m32s_B10_2.png,20231001_09h24m32s_B10_2_mask.png
20231001_09h24m32s_B10_3.png,20231001_09h24m32s_B10_3_mask.png
20231001_09h24m32s_B10_4.png,20231001_09h24m32s_B10_4_mask.png
20231001_09h24m35s_B11_1.png,20231001_09h24m35s_B11_1_mask.png
20231001_09h24m35s_B11_2.png,20231001_09h24m35s_B11_2_mask.png
20231001_09h24m35s_B11_3.png,20231001_09h24m35s_B11_3_mask.png
20231001_09h24m35s_B11_4.png,20231001_09h24m35s_B11_4_mask.png
20231001_09h24m39s_B12_1.png,20231001_09h24m39s_B12_1_mask.png
20231001_09h24m39s_B12_2.png,20231001_09h24m39s_B12_2_mask.png
20231001_09h24m39s_B12_3.png,20231001_09h24m39s_B12_3_mask.png
20231001_09h24m39s_B12_4.png,20231001_09h24m39s_B12_4_mask.png
20231001_09h24m43s_B13_1.png,20231001_09h24m43s_B13_1_mask.png
20231001_09h24m43s_B13_2.png,20231001_09h24m43s_B13_2_mask.png
20231001_09h24m43s_B13_3.png,20231001_09h24m43s_B13_3_mask.png
20231001_09h24m43s_B13_4.png,20231001_09h24m43s_B13_4_mask.png
20231001_09h27m41s_B01_1.png,20231001_09h27m41s_B01_1_mask.png
20231001_09h27m41s_B01_2.png,20231001_09h27m41s_B01_2_mask.png
20231001_09h27m44s_B02_1.png,20231001_09h27m44s_B02_1_mask.png
20231001_09h27m44s_B02_2.png,20231001_09h27m44s_B02_2_mask.png
20231001_09h27m44s_B02_3.png,20231001_09h27m44s_B02_3_mask.png
20231001_09h27m44s_B02_4.png,20231001_09h27m44s_B02_4_mask.png
20231001_09h27m48s_B03_1.png,20231001_09h27m48s_B03_1_mask.png
20231001_09h27m48s_B03_2.png,20231001_09h27m48s_B03_2_mask.png
20231001_09h27m48s_B03_3.png,20231001_09h27m48s_B03_3_mask.png
20231001_09h27m48s_B03_4.png,20231001_09h27m48s_B03_4_mask.png
20231001_09h27m51s_B04_1.png,20231001_09h27m51s_B04_1_mask.png
20231001_09h27m51s_B04_2.png,20231001_09h27m51s_B04_2_mask.png
20231001_09h27m51s_B04_3.png,20231001_09h27m51s_B04_3_mask.png
20231001_09h27m51s_B04_4.png,20231001_09h27m51s_B04_4_mask.png
20231001_09h27m55s_B05_1.png,20231001_09h27m55s_B05_1_mask.png
20231001_09h27m55s_B05_2.png,20231001_09h27m55s_B05_2_mask.png
20231001_09h27m55s_B05_3.png,20231001_09h27m55s_B05_3_mask.png
20231001_09h27m55s_B05_4.png,20231001_09h27m55s_B05_4_mask.png
20231001_09h27m58s_B06_1.png,20231001_09h27m58s_B06_1_mask.png
20231001_09h27m58s_B06_2.png,20231001_09h27m58s_B06_2_mask.png
20231001_09h27m58s_B06_3.png,20231001_09h27m58s_B06_3_mask.png
20231001_09h27m58s_B06_4.png,20231001_09h27m58s_B06_4_mask.png
20231001_09h28m02s_B07_1.png,20231001_09h28m02s_B07_1_mask.png
20231001_09h28m02s_B07_2.png,20231001_09h28m02s_B07_2_mask.png
20231001_09h28m10s_B08_1.png,20231001_09h28m10s_B08_1_mask.png
20231001_09h28m10s_B08_2.png,20231001_09h28m10s_B08_2_mask.png
20231001_09h28m10s_B08_3.png,20231001_09h28m10s_B08_3_mask.png
20231001_09h28m10s_B08_4.png,20231001_09h28m10s_B08_4_mask.png
20231001_09h28m13s_B09_1.png,20231001_09h28m13s_B09_1_mask.png
20231001_09h28m13s_B09_2.png,20231001_09h28m13s_B09_2_mask.png
20231001_09h28m13s_B09_3.png,20231001_09h28m13s_B09_3_mask.png
20231001_09h28m13s_B09_4.png,20231001_09h28m13s_B09_4_mask.png
20231001_09h28m17s_B10_1.png,20231001_09h28m17s_B10_1_mask.png
20231001_09h28m17s_B10_2.png,20231001_09h28m17s_B10_2_mask.png
20231001_09h28m17s_B10_3.png,20231001_09h28m17s_B10_3_mask.png
20231001_09h28m17s_B10_4.png,20231001_09h28m17s_B10_4_mask.png
20231001_09h28m21s_B11_1.png,20231001_09h28m21s_B11_1_mask.png
20231001_09h28m21s_B11_2.png,20231001_09h28m21s_B11_2_mask.png
20231001_09h28m21s_B11_3.png,20231001_09h28m21s_B11_3_mask.png
20231001_09h28m21s_B11_4.png,20231001_09h28m21s_B11_4_mask.png
20231001_09h28m26s_B12_1.png,20231001_09h28m26s_B12_1_mask.png
20231001_09h28m26s_B12_2.png,20231001_09h28m26s_B12_2_mask.png
20231001_09h28m26s_B12_3.png,20231001_09h28m26s_B12_3_mask.png
20231001_09h28m26s_B12_4.png,20231001_09h28m26s_B12_4_mask.png
20231001_09h28m29s_B13_1.png,20231001_09h28m29s_B13_1_mask.png
20231001_09h28m29s_B13_2.png,20231001_09h28m29s_B13_2_mask.png
20231001_09h28m29s_B13_3.png,20231001_09h28m29s_B13_3_mask.png
20231001_09h28m29s_B13_4.png,20231001_09h28m29s_B13_4_mask.png
20231001_09h32m54s_B01_1.png,20231001_09h32m54s_B01_1_mask.png
20231001_09h32m54s_B01_2.png,20231001_09h32m54s_B01_2_mask.png
20231001_09h32m56s_B02_1.png,20231001_09h32m56s_B02_1_mask.png
20231001_09h32m56s_B02_2.png,20231001_09h32m56s_B02_2_mask.png
20231001_09h32m56s_B02_3.png,20231001_09h32m56s_B02_3_mask.png
20231001_09h32m56s_B02_4.png,20231001_09h32m56s_B02_4_mask.png
20231001_09h32m59s_B03_1.png,20231001_09h32m59s_B03_1_mask.png
20231001_09h32m59s_B03_2.png,20231001_09h32m59s_B03_2_mask.png
20231001_09h32m59s_B03_3.png,20231001_09h32m59s_B03_3_mask.png
20231001_09h32m59s_B03_4.png,20231001_09h32m59s_B03_4_mask.png
20231001_09h33m02s_B04_1.png,20231001_09h33m02s_B04_1_mask.png
20231001_09h33m02s_B04_2.png,20231001_09h33m02s_B04_2_mask.png
20231001_09h33m02s_B04_3.png,20231001_09h33m02s_B04_3_mask.png
20231001_09h33m02s_B04_4.png,20231001_09h33m02s_B04_4_mask.png
20231001_09h33m05s_B05_1.png,20231001_09h33m05s_B05_1_mask.png
20231001_09h33m05s_B05_2.png,20231001_09h33m05s_B05_2_mask.png
20231001_09h33m05s_B05_3.png,20231001_09h33m05s_B05_3_mask.png
20231001_09h33m05s_B05_4.png,20231001_09h33m05s_B05_4_mask.png
20231001_09h33m09s_B06_1.png,20231001_09h33m09s_B06_1_mask.png
20231001_09h33m09s_B06_2.png,20231001_09h33m09s_B06_2_mask.png
20231001_09h33m09s_B06_3.png,20231001_09h33m09s_B06_3_mask.png
20231001_09h33m09s_B06_4.png,20231001_09h33m09s_B06_4_mask.png
20231001_09h33m12s_B07_1.png,20231001_09h33m12s_B07_1_mask.png
20231001_09h33m12s_B07_2.png,20231001_09h33m12s_B07_2_mask.png
20231001_09h33m19s_B08_1.png,20231001_09h33m19s_B08_1_mask.png
20231001_09h33m19s_B08_2.png,20231001_09h33m19s_B08_2_mask.png
20231001_09h33m19s_B08_3.png,20231001_09h33m19s_B08_3_mask.png
20231001_09h33m19s_B08_4.png,20231001_09h33m19s_B08_4_mask.png
20231001_09h33m23s_B09_1.png,20231001_09h33m23s_B09_1_mask.png
20231001_09h33m23s_B09_2.png,20231001_09h33m23s_B09_2_mask.png
20231001_09h33m23s_B09_3.png,20231001_09h33m23s_B09_3_mask.png
20231001_09h33m23s_B09_4.png,20231001_09h33m23s_B09_4_mask.png
20231001_09h33m26s_B10_1.png,20231001_09h33m26s_B10_1_mask.png
20231001_09h33m26s_B10_2.png,20231001_09h33m26s_B10_2_mask.png
20231001_09h33m26s_B10_3.png,20231001_09h33m26s_B10_3_mask.png
20231001_09h33m26s_B10_4.png,20231001_09h33m26s_B10_4_mask.png
20231001_09h33m30s_B11_1.png,20231001_09h33m30s_B11_1_mask.png
20231001_09h33m30s_B11_2.png,20231001_09h33m30s_B11_2_mask.png
20231001_09h33m30s_B11_3.png,20231001_09h33m30s_B11_3_mask.png
20231001_09h33m30s_B11_4.png,20231001_09h33m30s_B11_4_mask.png
20231001_09h33m33s_B12_1.png,20231001_09h33m33s_B12_1_mask.png
20231001_09h33m33s_B12_2.png,20231001_09h33m33s_B12_2_mask.png
20231001_09h33m33s_B12_3.png,20231001_09h33m33s_B12_3_mask.png
20231001_09h33m33s_B12_4.png,20231001_09h33m33s_B12_4_mask.png
20231001_09h33m37s_B13_1.png,20231001_09h33m37s_B13_1_mask.png
20231001_09h33m37s_B13_2.png,20231001_09h33m37s_B13_2_mask.png
20231001_09h33m37s_B13_3.png,20231001_09h33m37s_B13_3_mask.png
20231001_09h33m37s_B13_4.png,20231001_09h33m37s_B13_4_mask.png
20231001_09h36m57s_B01_1.png,20231001_09h36m57s_B01_1_mask.png
20231001_09h36m57s_B01_2.png,20231001_09h36m57s_B01_2_mask.png
20231001_09h37m01s_B02_1.png,20231001_09h37m01s_B02_1_mask.png
20231001_09h37m01s_B02_2.png,20231001_09h37m01s_B02_2_mask.png
20231001_09h37m01s_B02_3.png,20231001_09h37m01s_B02_3_mask.png
20231001_09h37m01s_B02_4.png,20231001_09h37m01s_B02_4_mask.png
20231001_09h37m04s_B03_1.png,20231001_09h37m04s_B03_1_mask.png
20231001_09h37m04s_B03_2.png,20231001_09h37m04s_B03_2_mask.png
20231001_09h37m04s_B03_3.png,20231001_09h37m04s_B03_3_mask.png
20231001_09h37m04s_B03_4.png,20231001_09h37m04s_B03_4_mask.png
20231001_09h37m07s_B04_1.png,20231001_09h37m07s_B04_1_mask.png
20231001_09h37m07s_B04_2.png,20231001_09h37m07s_B04_2_mask.png
20231001_09h37m07s_B04_3.png,20231001_09h37m07s_B04_3_mask.png
20231001_09h37m07s_B04_4.png,20231001_09h37m07s_B04_4_mask.png
20231001_09h37m10s_B05_1.png,20231001_09h37m10s_B05_1_mask.png
20231001_09h37m10s_B05_2.png,20231001_09h37m10s_B05_2_mask.png
20231001_09h37m10s_B05_3.png,20231001_09h37m10s_B05_3_mask.png
20231001_09h37m10s_B05_4.png,20231001_09h37m10s_B05_4_mask.png
20231001_09h37m14s_B06_1.png,20231001_09h37m14s_B06_1_mask.png
20231001_09h37m14s_B06_2.png,20231001_09h37m14s_B06_2_mask.png
20231001_09h37m14s_B06_3.png,20231001_09h37m14s_B06_3_mask.png
20231001_09h37m14s_B06_4.png,20231001_09h37m14s_B06_4_mask.png
20231001_09h37m18s_B07_1.png,20231001_09h37m18s_B07_1_mask.png
20231001_09h37m18s_B07_2.png,20231001_09h37m18s_B07_2_mask.png
20231001_09h37m25s_B08_1.png,20231001_09h37m25s_B08_1_mask.png
20231001_09h37m25s_B08_2.png,20231001_09h37m25s_B08_2_mask.png
20231001_09h37m25s_B08_3.png,20231001_09h37m25s_B08_3_mask.png
20231001_09h37m25s_B08_4.png,20231001_09h37m25s_B08_4_mask.png
20231001_09h37m29s_B09_1.png,20231001_09h37m29s_B09_1_mask.png
20231001_09h37m29s_B09_2.png,20231001_09h37m29s_B09_2_mask.png
20231001_09h37m29s_B09_3.png,20231001_09h37m29s_B09_3_mask.png
20231001_09h37m29s_B09_4.png,20231001_09h37m29s_B09_4_mask.png
20231001_09h37m32s_B10_1.png,20231001_09h37m32s_B10_1_mask.png
20231001_09h37m32s_B10_2.png,20231001_09h37m32s_B10_2_mask.png
20231001_09h37m32s_B10_3.png,20231001_09h37m32s_B10_3_mask.png
20231001_09h37m32s_B10_4.png,20231001_09h37m32s_B10_4_mask.png
20231001_09h37m36s_B11_1.png,20231001_09h37m36s_B11_1_mask.png
20231001_09h37m36s_B11_2.png,20231001_09h37m36s_B11_2_mask.png
20231001_09h37m36s_B11_3.png,20231001_09h37m36s_B11_3_mask.png
20231001_09h37m36s_B11_4.png,20231001_09h37m36s_B11_4_mask.png
20231001_09h37m40s_B12_1.png,20231001_09h37m40s_B12_1_mask.png
20231001_09h37m40s_B12_2.png,20231001_09h37m40s_B12_2_mask.png
20231001_09h37m40s_B12_3.png,20231001_09h37m40s_B12_3_mask.png
20231001_09h37m40s_B12_4.png,20231001_09h37m40s_B12_4_mask.png
20231001_09h37m43s_B13_1.png,20231001_09h37m43s_B13_1_mask.png
20231001_09h37m43s_B13_2.png,20231001_09h37m43s_B13_2_mask.png
20231001_09h37m43s_B13_3.png,20231001_09h37m43s_B13_3_mask.png
20231001_09h37m43s_B13_4.png,20231001_09h37m43s_B13_4_mask.png
20231001_09h41m07s_B01_1.png,20231001_09h41m07s_B01_1_mask.png
20231001_09h41m07s_B01_2.png,20231001_09h41m07s_B01_2_mask.png
20231001_09h41m10s_B02_1.png,20231001_09h41m10s_B02_1_mask.png
20231001_09h41m10s_B02_2.png,20231001_09h41m10s_B02_2_mask.png
20231001_09h41m10s_B02_3.png,20231001_09h41m10s_B02_3_mask.png
20231001_09h41m10s_B02_4.png,20231001_09h41m10s_B02_4_mask.png
20231001_09h41m13s_B03_1.png,20231001_09h41m13s_B03_1_mask.png
20231001_09h41m13s_B03_2.png,20231001_09h41m13s_B03_2_mask.png
20231001_09h41m13s_B03_3.png,20231001_09h41m13s_B03_3_mask.png
20231001_09h41m13s_B03_4.png,20231001_09h41m13s_B03_4_mask.png
20231001_09h41m16s_B04_1.png,20231001_09h41m16s_B04_1_mask.png
20231001_09h41m16s_B04_2.png,20231001_09h41m16s_B04_2_mask.png
20231001_09h41m16s_B04_3.png,20231001_09h41m16s_B04_3_mask.png
20231001_09h41m16s_B04_4.png,20231001_09h41m16s_B04_4_mask.png
20231001_09h41m19s_B05_1.png,20231001_09h41m19s_B05_1_mask.png
20231001_09h41m19s_B05_2.png,20231001_09h41m19s_B05_2_mask.png
20231001_09h41m19s_B05_3.png,20231001_09h41m19s_B05_3_mask.png
20231001_09h41m19s_B05_4.png,20231001_09h41m19s_B05_4_mask.png
20231001_09h41m22s_B06_1.png,20231001_09h41m22s_B06_1_mask.png
20231001_09h41m22s_B06_2.png,20231001_09h41m22s_B06_2_mask.png
20231001_09h41m22s_B06_3.png,20231001_09h41m22s_B06_3_mask.png
20231001_09h41m22s_B06_4.png,20231001_09h41m22s_B06_4_mask.png
20231001_09h41m26s_B07_1.png,20231001_09h41m26s_B07_1_mask.png
20231001_09h41m26s_B07_2.png,20231001_09h41m26s_B07_2_mask.png
20231001_09h41m33s_B08_1.png,20231001_09h41m33s_B08_1_mask.png
20231001_09h41m33s_B08_2.png,20231001_09h41m33s_B08_2_mask.png
20231001_09h41m33s_B08_3.png,20231001_09h41m33s_B08_3_mask.png
20231001_09h41m33s_B08_4.png,20231001_09h41m33s_B08_4_mask.png
20231001_09h41m36s_B09_1.png,20231001_09h41m36s_B09_1_mask.png
20231001_09h41m36s_B09_2.png,20231001_09h41m36s_B09_2_mask.png
20231001_09h41m36s_B09_3.png,20231001_09h41m36s_B09_3_mask.png
20231001_09h41m36s_B09_4.png,20231001_09h41m36s_B09_4_mask.png
20231001_09h41m40s_B10_1.png,20231001_09h41m40s_B10_1_mask.png
20231001_09h41m40s_B10_2.png,20231001_09h41m40s_B10_2_mask.png
20231001_09h41m40s_B10_3.png,20231001_09h41m40s_B10_3_mask.png
20231001_09h41m40s_B10_4.png,20231001_09h41m40s_B10_4_mask.png
20231001_09h41m44s_B11_1.png,20231001_09h41m44s_B11_1_mask.png
20231001_09h41m44s_B11_2.png,20231001_09h41m44s_B11_2_mask.png
20231001_09h41m44s_B11_3.png,20231001_09h41m44s_B11_3_mask.png
20231001_09h41m44s_B11_4.png,20231001_09h41m44s_B11_4_mask.png
20231001_09h41m47s_B12_1.png,20231001_09h41m47s_B12_1_mask.png
20231001_09h41m47s_B12_2.png,20231001_09h41m47s_B12_2_mask.png
20231001_09h41m47s_B12_3.png,20231001_09h41m47s_B12_3_mask.png
20231001_09h41m47s_B12_4.png,20231001_09h41m47s_B12_4_mask.png
20231001_09h41m51s_B13_1.png,20231001_09h41m51s_B13_1_mask.png
20231001_09h41m51s_B13_2.png,20231001_09h41m51s_B13_2_mask.png
20231001_09h41m51s_B13_3.png,20231001_09h41m51s_B13_3_mask.png
20231001_09h41m51s_B13_4.png,20231001_09h41m51s_B13_4_mask.png
20231001_09h52m02s_B01_1.png,20231001_09h52m02s_B01_1_mask.png
20231001_09h52m02s_B01_2.png,20231001_09h52m02s_B01_2_mask.png
20231001_09h52m05s_B02_1.png,20231001_09h52m05s_B02_1_mask.png
20231001_09h52m05s_B02_2.png,20231001_09h52m05s_B02_2_mask.png
20231001_09h52m05s_B02_3.png,20231001_09h52m05s_B02_3_mask.png
20231001_09h52m05s_B02_4.png,20231001_09h52m05s_B02_4_mask.png
20231001_09h52m08s_B03_1.png,20231001_09h52m08s_B03_1_mask.png
20231001_09h52m08s_B03_2.png,20231001_09h52m08s_B03_2_mask.png
20231001_09h52m08s_B03_3.png,20231001_09h52m08s_B03_3_mask.png
20231001_09h52m08s_B03_4.png,20231001_09h52m08s_B03_4_mask.png
20231001_09h52m12s_B04_1.png,20231001_09h52m12s_B04_1_mask.png
20231001_09h52m12s_B04_2.png,20231001_09h52m12s_B04_2_mask.png
20231001_09h52m12s_B04_3.png,20231001_09h52m12s_B04_3_mask.png
20231001_09h52m12s_B04_4.png,20231001_09h52m12s_B04_4_mask.png
20231001_09h52m15s_B05_1.png,20231001_09h52m15s_B05_1_mask.png
20231001_09h52m15s_B05_2.png,20231001_09h52m15s_B05_2_mask.png
20231001_09h52m15s_B05_3.png,20231001_09h52m15s_B05_3_mask.png
20231001_09h52m15s_B05_4.png,20231001_09h52m15s_B05_4_mask.png
20231001_09h52m19s_B06_1.png,20231001_09h52m19s_B06_1_mask.png
20231001_09h52m19s_B06_2.png,20231001_09h52m19s_B06_2_mask.png
20231001_09h52m19s_B06_3.png,20231001_09h52m19s_B06_3_mask.png
20231001_09h52m19s_B06_4.png,20231001_09h52m19s_B06_4_mask.png
20231001_09h52m22s_B07_1.png,20231001_09h52m22s_B07_1_mask.png
20231001_09h52m22s_B07_2.png,20231001_09h52m22s_B07_2_mask.png
20231001_09h52m29s_B08_1.png,20231001_09h52m29s_B08_1_mask.png
20231001_09h52m29s_B08_2.png,20231001_09h52m29s_B08_2_mask.png
20231001_09h52m29s_B08_3.png,20231001_09h52m29s_B08_3_mask.png
20231001_09h52m29s_B08_4.png,20231001_09h52m29s_B08_4_mask.png
20231001_09h52m33s_B09_1.png,20231001_09h52m33s_B09_1_mask.png
20231001_09h52m33s_B09_2.png,20231001_09h52m33s_B09_2_mask.png
20231001_09h52m33s_B09_3.png,20231001_09h52m33s_B09_3_mask.png
20231001_09h52m33s_B09_4.png,20231001_09h52m33s_B09_4_mask.png
20231001_09h52m36s_B10_1.png,20231001_09h52m36s_B10_1_mask.png
20231001_09h52m36s_B10_2.png,20231001_09h52m36s_B10_2_mask.png
20231001_09h52m36s_B10_3.png,20231001_09h52m36s_B10_3_mask.png
20231001_09h52m36s_B10_4.png,20231001_09h52m36s_B10_4_mask.png
20231001_09h52m40s_B11_1.png,20231001_09h52m40s_B11_1_mask.png
20231001_09h52m40s_B11_2.png,20231001_09h52m40s_B11_2_mask.png
20231001_09h52m40s_B11_3.png,20231001_09h52m40s_B11_3_mask.png
20231001_09h52m40s_B11_4.png,20231001_09h52m40s_B11_4_mask.png
20231001_09h52m44s_B12_1.png,20231001_09h52m44s_B12_1_mask.png
20231001_09h52m44s_B12_2.png,20231001_09h52m44s_B12_2_mask.png
20231001_09h52m44s_B12_3.png,20231001_09h52m44s_B12_3_mask.png
20231001_09h52m44s_B12_4.png,20231001_09h52m44s_B12_4_mask.png
20231001_09h52m47s_B13_1.png,20231001_09h52m47s_B13_1_mask.png
20231001_09h52m47s_B13_2.png,20231001_09h52m47s_B13_2_mask.png
20231001_09h52m47s_B13_3.png,20231001_09h52m47s_B13_3_mask.png
20231001_09h52m47s_B13_4.png,20231001_09h52m47s_B13_4_mask.png
20231113_10h16m06s_B01_1.png,20231113_10h16m06s_B01_1_mask.png
20231113_10h16m06s_B01_2.png,20231113_10h16m06s_B01_2_mask.png
20231113_10h16m09s_B02_1.png,20231113_10h16m09s_B02_1_mask.png
20231113_10h16m09s_B02_2.png,20231113_10h16m09s_B02_2_mask.png
20231113_10h16m09s_B02_3.png,20231113_10h16m09s_B02_3_mask.png
20231113_10h16m09s_B02_4.png,20231113_10h16m09s_B02_4_mask.png
20231113_10h16m12s_B03_1.png,20231113_10h16m12s_B03_1_mask.png
20231113_10h16m12s_B03_2.png,20231113_10h16m12s_B03_2_mask.png
20231113_10h16m12s_B03_3.png,20231113_10h16m12s_B03_3_mask.png
20231113_10h16m12s_B03_4.png,20231113_10h16m12s_B03_4_mask.png
20231113_10h16m16s_B04_1.png,20231113_10h16m16s_B04_1_mask.png
20231113_10h16m16s_B04_2.png,20231113_10h16m16s_B04_2_mask.png
20231113_10h16m16s_B04_3.png,20231113_10h16m16s_B04_3_mask.png
20231113_10h16m16s_B04_4.png,20231113_10h16m16s_B04_4_mask.png
20231113_10h16m20s_B05_1.png,20231113_10h16m20s_B05_1_mask.png
20231113_10h16m20s_B05_2.png,20231113_10h16m20s_B05_2_mask.png
20231113_10h16m20s_B05_3.png,20231113_10h16m20s_B05_3_mask.png
20231113_10h16m20s_B05_4.png,20231113_10h16m20s_B05_4_mask.png
20231113_10h16m23s_B06_1.png,20231113_10h16m23s_B06_1_mask.png
20231113_10h16m23s_B06_2.png,20231113_10h16m23s_B06_2_mask.png
20231113_10h16m23s_B06_3.png,20231113_10h16m23s_B06_3_mask.png
20231113_10h16m23s_B06_4.png,20231113_10h16m23s_B06_4_mask.png
20231113_10h16m26s_B07_1.png,20231113_10h16m26s_B07_1_mask.png
20231113_10h16m26s_B07_2.png,20231113_10h16m26s_B07_2_mask.png
20231113_10h16m33s_B08_1.png,20231113_10h16m33s_B08_1_mask.png
20231113_10h16m33s_B08_2.png,20231113_10h16m33s_B08_2_mask.png
20231113_10h16m33s_B08_3.png,20231113_10h16m33s_B08_3_mask.png
20231113_10h16m33s_B08_4.png,20231113_10h16m33s_B08_4_mask.png
20231113_10h16m36s_B09_1.png,20231113_10h16m36s_B09_1_mask.png
20231113_10h16m36s_B09_2.png,20231113_10h16m36s_B09_2_mask.png
20231113_10h16m36s_B09_3.png,20231113_10h16m36s_B09_3_mask.png
20231113_10h16m36s_B09_4.png,20231113_10h16m36s_B09_4_mask.png
20231113_10h16m40s_B10_1.png,20231113_10h16m40s_B10_1_mask.png
20231113_10h16m40s_B10_2.png,20231113_10h16m40s_B10_2_mask.png
20231113_10h16m40s_B10_3.png,20231113_10h16m40s_B10_3_mask.png
20231113_10h16m40s_B10_4.png,20231113_10h16m40s_B10_4_mask.png
20231113_10h16m44s_B11_1.png,20231113_10h16m44s_B11_1_mask.png
20231113_10h16m44s_B11_2.png,20231113_10h16m44s_B11_2_mask.png
20231113_10h16m44s_B11_3.png,20231113_10h16m44s_B11_3_mask.png
20231113_10h16m44s_B11_4.png,20231113_10h16m44s_B11_4_mask.png
20231113_10h16m48s_B12_1.png,20231113_10h16m48s_B12_1_mask.png
20231113_10h16m48s_B12_2.png,20231113_10h16m48s_B12_2_mask.png
20231113_10h16m48s_B12_3.png,20231113_10h16m48s_B12_3_mask.png
20231113_10h16m48s_B12_4.png,20231113_10h16m48s_B12_4_mask.png
20231113_10h16m51s_B13_1.png,20231113_10h16m51s_B13_1_mask.png
20231113_10h16m51s_B13_2.png,20231113_10h16m51s_B13_2_mask.png
20231113_10h16m51s_B13_3.png,20231113_10h16m51s_B13_3_mask.png
20231113_10h16m51s_B13_4.png,20231113_10h16m51s_B13_4_mask.png
20231113_11h43m52s_B01_1.png,20231113_11h43m52s_B01_1_mask.png
20231113_11h43m52s_B01_2.png,20231113_11h43m52s_B01_2_mask.png
20231113_11h43m55s_B02_1.png,20231113_11h43m55s_B02_1_mask.png
20231113_11h43m55s_B02_2.png,20231113_11h43m55s_B02_2_mask.png
20231113_11h43m55s_B02_3.png,20231113_11h43m55s_B02_3_mask.png
20231113_11h43m55s_B02_4.png,20231113_11h43m55s_B02_4_mask.png
20231113_11h43m59s_B03_1.png,20231113_11h43m59s_B03_1_mask.png
20231113_11h43m59s_B03_2.png,20231113_11h43m59s_B03_2_mask.png
20231113_11h43m59s_B03_3.png,20231113_11h43m59s_B03_3_mask.png
20231113_11h43m59s_B03_4.png,20231113_11h43m59s_B03_4_mask.png
20231113_11h44m02s_B04_1.png,20231113_11h44m02s_B04_1_mask.png
20231113_11h44m02s_B04_2.png,20231113_11h44m02s_B04_2_mask.png
20231113_11h44m02s_B04_3.png,20231113_11h44m02s_B04_3_mask.png
20231113_11h44m02s_B04_4.png,20231113_11h44m02s_B04_4_mask.png
20231113_11h44m06s_B05_1.png,20231113_11h44m06s_B05_1_mask.png
20231113_11h44m06s_B05_2.png,20231113_11h44m06s_B05_2_mask.png
20231113_11h44m06s_B05_3.png,20231113_11h44m06s_B05_3_mask.png
20231113_11h44m06s_B05_4.png,20231113_11h44m06s_B05_4_mask.png
20231113_11h44m10s_B06_1.png,20231113_11h44m10s_B06_1_mask.png
20231113_11h44m10s_B06_2.png,20231113_11h44m10s_B06_2_mask.png
20231113_11h44m10s_B06_3.png,20231113_11h44m10s_B06_3_mask.png
20231113_11h44m10s_B06_4.png,20231113_11h44m10s_B06_4_mask.png
20231113_11h44m14s_B07_1.png,20231113_11h44m14s_B07_1_mask.png
20231113_11h44m14s_B07_2.png,20231113_11h44m14s_B07_2_mask.png
20231113_11h44m20s_B08_1.png,20231113_11h44m20s_B08_1_mask.png
20231113_11h44m20s_B08_2.png,20231113_11h44m20s_B08_2_mask.png
20231113_11h44m20s_B08_3.png,20231113_11h44m20s_B08_3_mask.png
20231113_11h44m20s_B08_4.png,20231113_11h44m20s_B08_4_mask.png
20231113_11h44m24s_B09_1.png,20231113_11h44m24s_B09_1_mask.png
20231113_11h44m24s_B09_2.png,20231113_11h44m24s_B09_2_mask.png
20231113_11h44m24s_B09_3.png,20231113_11h44m24s_B09_3_mask.png
20231113_11h44m24s_B09_4.png,20231113_11h44m24s_B09_4_mask.png
20231113_11h44m27s_B10_1.png,20231113_11h44m27s_B10_1_mask.png
20231113_11h44m27s_B10_2.png,20231113_11h44m27s_B10_2_mask.png
20231113_11h44m27s_B10_3.png,20231113_11h44m27s_B10_3_mask.png
20231113_11h44m27s_B10_4.png,20231113_11h44m27s_B10_4_mask.png
20231113_11h44m31s_B11_1.png,20231113_11h44m31s_B11_1_mask.png
20231113_11h44m31s_B11_2.png,20231113_11h44m31s_B11_2_mask.png
20231113_11h44m31s_B11_3.png,20231113_11h44m31s_B11_3_mask.png
20231113_11h44m31s_B11_4.png,20231113_11h44m31s_B11_4_mask.png
20231113_11h44m35s_B12_1.png,20231113_11h44m35s_B12_1_mask.png
20231113_11h44m35s_B12_2.png,20231113_11h44m35s_B12_2_mask.png
20231113_11h44m35s_B12_3.png,20231113_11h44m35s_B12_3_mask.png
20231113_11h44m35s_B12_4.png,20231113_11h44m35s_B12_4_mask.png
20231113_11h44m39s_B13_1.png,20231113_11h44m39s_B13_1_mask.png
20231113_11h44m39s_B13_2.png,20231113_11h44m39s_B13_2_mask.png
20231113_11h44m39s_B13_3.png,20231113_11h44m39s_B13_3_mask.png
20231113_11h44m39s_B13_4.png,20231113_11h44m39s_B13_4_mask.png
20231113_14h57m08s_B01_1.png,20231113_14h57m08s_B01_1_mask.png
20231113_14h57m08s_B01_2.png,20231113_14h57m08s_B01_2_mask.png
20231113_14h57m11s_B02_1.png,20231113_14h57m11s_B02_1_mask.png
20231113_14h57m11s_B02_2.png,20231113_14h57m11s_B02_2_mask.png
20231113_14h57m11s_B02_3.png,20231113_14h57m11s_B02_3_mask.png
20231113_14h57m11s_B02_4.png,20231113_14h57m11s_B02_4_mask.png
20231113_14h57m15s_B03_1.png,20231113_14h57m15s_B03_1_mask.png
20231113_14h57m15s_B03_2.png,20231113_14h57m15s_B03_2_mask.png
20231113_14h57m15s_B03_3.png,20231113_14h57m15s_B03_3_mask.png
20231113_14h57m15s_B03_4.png,20231113_14h57m15s_B03_4_mask.png
20231113_14h57m20s_B04_1.png,20231113_14h57m20s_B04_1_mask.png
20231113_14h57m20s_B04_2.png,20231113_14h57m20s_B04_2_mask.png
20231113_14h57m20s_B04_3.png,20231113_14h57m20s_B04_3_mask.png
20231113_14h57m20s_B04_4.png,20231113_14h57m20s_B04_4_mask.png
20231113_14h57m24s_B05_1.png,20231113_14h57m24s_B05_1_mask.png
20231113_14h57m24s_B05_2.png,20231113_14h57m24s_B05_2_mask.png
20231113_14h57m24s_B05_3.png,20231113_14h57m24s_B05_3_mask.png
20231113_14h57m24s_B05_4.png,20231113_14h57m24s_B05_4_mask.png
20231113_14h57m28s_B06_1.png,20231113_14h57m28s_B06_1_mask.png
20231113_14h57m28s_B06_2.png,20231113_14h57m28s_B06_2_mask.png
20231113_14h57m28s_B06_3.png,20231113_14h57m28s_B06_3_mask.png
20231113_14h57m28s_B06_4.png,20231113_14h57m28s_B06_4_mask.png
20231113_14h57m32s_B07_1.png,20231113_14h57m32s_B07_1_mask.png
20231113_14h57m32s_B07_2.png,20231113_14h57m32s_B07_2_mask.png
20231113_14h57m39s_B08_1.png,20231113_14h57m39s_B08_1_mask.png
20231113_14h57m39s_B08_2.png,20231113_14h57m39s_B08_2_mask.png
20231113_14h57m39s_B08_3.png,20231113_14h57m39s_B08_3_mask.png
20231113_14h57m39s_B08_4.png,20231113_14h57m39s_B08_4_mask.png
20231113_14h57m43s_B09_1.png,20231113_14h57m43s_B09_1_mask.png
20231113_14h57m43s_B09_2.png,20231113_14h57m43s_B09_2_mask.png
20231113_14h57m43s_B09_3.png,20231113_14h57m43s_B09_3_mask.png
20231113_14h57m43s_B09_4.png,20231113_14h57m43s_B09_4_mask.png
20231113_14h57m47s_B10_1.png,20231113_14h57m47s_B10_1_mask.png
20231113_14h57m47s_B10_2.png,20231113_14h57m47s_B10_2_mask.png
20231113_14h57m47s_B10_3.png,20231113_14h57m47s_B10_3_mask.png
20231113_14h57m47s_B10_4.png,20231113_14h57m47s_B10_4_mask.png
20231113_14h57m52s_B11_1.png,20231113_14h57m52s_B11_1_mask.png
20231113_14h57m52s_B11_2.png,20231113_14h57m52s_B11_2_mask.png
20231113_14h57m52s_B11_3.png,20231113_14h57m52s_B11_3_mask.png
20231113_14h57m52s_B11_4.png,20231113_14h57m52s_B11_4_mask.png
20231113_14h57m56s_B12_1.png,20231113_14h57m56s_B12_1_mask.png
20231113_14h57m56s_B12_2.png,20231113_14h57m56s_B12_2_mask.png
20231113_14h57m56s_B12_3.png,20231113_14h57m56s_B12_3_mask.png
20231113_14h57m56s_B12_4.png,20231113_14h57m56s_B12_4_mask.png
20231113_14h58m00s_B13_1.png,20231113_14h58m00s_B13_1_mask.png
20231113_14h58m00s_B13_2.png,20231113_14h58m00s_B13_2_mask.png
20231113_14h58m00s_B13_3.png,20231113_14h58m00s_B13_3_mask.png
20231113_14h58m00s_B13_4.png,20231113_14h58m00s_B13_4_mask.png
20231113_15h59m58s_B07_1.png,20231113_15h59m58s_B07_1_mask.png
20231113_15h59m58s_B07_2.png,20231113_15h59m58s_B07_2_mask.png
20231113_16h49m39s_B01_1.png,20231113_16h49m39s_B01_1_mask.png
20231113_16h49m39s_B01_2.png,20231113_16h49m39s_B01_2_mask.png
20231113_16h49m42s_B02_1.png,20231113_16h49m42s_B02_1_mask.png
20231113_16h49m42s_B02_2.png,20231113_16h49m42s_B02_2_mask.png
20231113_16h49m42s_B02_3.png,20231113_16h49m42s_B02_3_mask.png
20231113_16h49m42s_B02_4.png,20231113_16h49m42s_B02_4_mask.png
20231113_16h49m46s_B03_1.png,20231113_16h49m46s_B03_1_mask.png
20231113_16h49m46s_B03_2.png,20231113_16h49m46s_B03_2_mask.png
20231113_16h49m46s_B03_3.png,20231113_16h49m46s_B03_3_mask.png
20231113_16h49m46s_B03_4.png,20231113_16h49m46s_B03_4_mask.png
20231113_16h49m49s_B04_1.png,20231113_16h49m49s_B04_1_mask.png
20231113_16h49m49s_B04_2.png,20231113_16h49m49s_B04_2_mask.png
20231113_16h49m49s_B04_3.png,20231113_16h49m49s_B04_3_mask.png
20231113_16h49m49s_B04_4.png,20231113_16h49m49s_B04_4_mask.png
20231113_16h49m54s_B05_1.png,20231113_16h49m54s_B05_1_mask.png
20231113_16h49m54s_B05_2.png,20231113_16h49m54s_B05_2_mask.png
20231113_16h49m54s_B05_3.png,20231113_16h49m54s_B05_3_mask.png
20231113_16h49m54s_B05_4.png,20231113_16h49m54s_B05_4_mask.png
20231113_16h49m57s_B06_1.png,20231113_16h49m57s_B06_1_mask.png
20231113_16h49m57s_B06_2.png,20231113_16h49m57s_B06_2_mask.png
20231113_16h49m57s_B06_3.png,20231113_16h49m57s_B06_3_mask.png
20231113_16h49m57s_B06_4.png,20231113_16h49m57s_B06_4_mask.png
20231113_16h50m02s_B07_1.png,20231113_16h50m02s_B07_1_mask.png
20231113_16h50m02s_B07_2.png,20231113_16h50m02s_B07_2_mask.png
20231113_16h50m09s_B08_1.png,20231113_16h50m09s_B08_1_mask.png
20231113_16h50m09s_B08_2.png,20231113_16h50m09s_B08_2_mask.png
20231113_16h50m09s_B08_3.png,20231113_16h50m09s_B08_3_mask.png
20231113_16h50m09s_B08_4.png,20231113_16h50m09s_B08_4_mask.png
20231113_16h50m12s_B09_1.png,20231113_16h50m12s_B09_1_mask.png
20231113_16h50m12s_B09_2.png,20231113_16h50m12s_B09_2_mask.png
20231113_16h50m12s_B09_3.png,20231113_16h50m12s_B09_3_mask.png
20231113_16h50m12s_B09_4.png,20231113_16h50m12s_B09_4_mask.png
20231113_16h50m16s_B10_1.png,20231113_16h50m16s_B10_1_mask.png
20231113_16h50m16s_B10_2.png,20231113_16h50m16s_B10_2_mask.png
20231113_16h50m16s_B10_3.png,20231113_16h50m16s_B10_3_mask.png
20231113_16h50m16s_B10_4.png,20231113_16h50m16s_B10_4_mask.png
20231113_16h50m20s_B11_1.png,20231113_16h50m20s_B11_1_mask.png
20231113_16h50m20s_B11_2.png,20231113_16h50m20s_B11_2_mask.png
20231113_16h50m20s_B11_3.png,20231113_16h50m20s_B11_3_mask.png
20231113_16h50m20s_B11_4.png,20231113_16h50m20s_B11_4_mask.png
20231113_16h50m24s_B12_1.png,20231113_16h50m24s_B12_1_mask.png
20231113_16h50m24s_B12_2.png,20231113_16h50m24s_B12_2_mask.png
20231113_16h50m24s_B12_3.png,20231113_16h50m24s_B12_3_mask.png
20231113_16h50m24s_B12_4.png,20231113_16h50m24s_B12_4_mask.png
20231113_16h50m28s_B13_1.png,20231113_16h50m28s_B13_1_mask.png
20231113_16h50m28s_B13_2.png,20231113_16h50m28s_B13_2_mask.png
20231113_16h50m28s_B13_3.png,20231113_16h50m28s_B13_3_mask.png
20231113_16h50m28s_B13_4.png,20231113_16h50m28s_B13_4_mask.png
20231113_17h19m17s_B01_1.png,20231113_17h19m17s_B01_1_mask.png
20231113_17h19m17s_B01_2.png,20231113_17h19m17s_B01_2_mask.png
20231113_17h19m20s_B02_1.png,20231113_17h19m20s_B02_1_mask.png
20231113_17h19m20s_B02_2.png,20231113_17h19m20s_B02_2_mask.png
20231113_17h19m20s_B02_3.png,20231113_17h19m20s_B02_3_mask.png
20231113_17h19m20s_B02_4.png,20231113_17h19m20s_B02_4_mask.png
20231113_17h19m24s_B03_1.png,20231113_17h19m24s_B03_1_mask.png
20231113_17h19m24s_B03_2.png,20231113_17h19m24s_B03_2_mask.png
20231113_17h19m24s_B03_3.png,20231113_17h19m24s_B03_3_mask.png
20231113_17h19m24s_B03_4.png,20231113_17h19m24s_B03_4_mask.png
20231113_17h19m28s_B04_1.png,20231113_17h19m28s_B04_1_mask.png
20231113_17h19m28s_B04_2.png,20231113_17h19m28s_B04_2_mask.png
20231113_17h19m28s_B04_3.png,20231113_17h19m28s_B04_3_mask.png
20231113_17h19m28s_B04_4.png,20231113_17h19m28s_B04_4_mask.png
20231113_17h19m31s_B05_1.png,20231113_17h19m31s_B05_1_mask.png
20231113_17h19m31s_B05_2.png,20231113_17h19m31s_B05_2_mask.png
20231113_17h19m31s_B05_3.png,20231113_17h19m31s_B05_3_mask.png
20231113_17h19m31s_B05_4.png,20231113_17h19m31s_B05_4_mask.png
20231113_17h19m35s_B06_1.png,20231113_17h19m35s_B06_1_mask.png
20231113_17h19m35s_B06_2.png,20231113_17h19m35s_B06_2_mask.png
20231113_17h19m35s_B06_3.png,20231113_17h19m35s_B06_3_mask.png
20231113_17h19m35s_B06_4.png,20231113_17h19m35s_B06_4_mask.png
20231113_17h19m39s_B07_1.png,20231113_17h19m39s_B07_1_mask.png
20231113_17h19m39s_B07_2.png,20231113_17h19m39s_B07_2_mask.png
20231113_17h19m46s_B08_1.png,20231113_17h19m46s_B08_1_mask.png
20231113_17h19m46s_B08_2.png,20231113_17h19m46s_B08_2_mask.png
20231113_17h19m46s_B08_3.png,20231113_17h19m46s_B08_3_mask.png
20231113_17h19m46s_B08_4.png,20231113_17h19m46s_B08_4_mask.png
20231113_17h19m50s_B09_1.png,20231113_17h19m50s_B09_1_mask.png
20231113_17h19m50s_B09_2.png,20231113_17h19m50s_B09_2_mask.png
20231113_17h19m50s_B09_3.png,20231113_17h19m50s_B09_3_mask.png
20231113_17h19m50s_B09_4.png,20231113_17h19m50s_B09_4_mask.png
20231113_17h19m54s_B10_1.png,20231113_17h19m54s_B10_1_mask.png
20231113_17h19m54s_B10_2.png,20231113_17h19m54s_B10_2_mask.png
20231113_17h19m54s_B10_3.png,20231113_17h19m54s_B10_3_mask.png
20231113_17h19m54s_B10_4.png,20231113_17h19m54s_B10_4_mask.png
20231113_17h19m58s_B11_1.png,20231113_17h19m58s_B11_1_mask.png
20231113_17h19m58s_B11_2.png,20231113_17h19m58s_B11_2_mask.png
20231113_17h19m58s_B11_3.png,20231113_17h19m58s_B11_3_mask.png
20231113_17h19m58s_B11_4.png,20231113_17h19m58s_B11_4_mask.png
20231113_17h20m03s_B12_1.png,20231113_17h20m03s_B12_1_mask.png
20231113_17h20m03s_B12_2.png,20231113_17h20m03s_B12_2_mask.png
20231113_17h20m03s_B12_3.png,20231113_17h20m03s_B12_3_mask.png
20231113_17h20m03s_B12_4.png,20231113_17h20m03s_B12_4_mask.png
20231113_17h20m07s_B13_1.png,20231113_17h20m07s_B13_1_mask.png
20231113_17h20m07s_B13_2.png,20231113_17h20m07s_B13_2_mask.png
20231113_17h20m07s_B13_3.png,20231113_17h20m07s_B13_3_mask.png
20231113_17h20m07s_B13_4.png,20231113_17h20m07s_B13_4_mask.png
20231113_17h53m31s_B01_1.png,20231113_17h53m31s_B01_1_mask.png
20231113_17h53m31s_B01_2.png,20231113_17h53m31s_B01_2_mask.png
20231113_17h53m33s_B02_1.png,20231113_17h53m33s_B02_1_mask.png
20231113_17h53m33s_B02_2.png,20231113_17h53m33s_B02_2_mask.png
20231113_17h53m33s_B02_3.png,20231113_17h53m33s_B02_3_mask.png
20231113_17h53m33s_B02_4.png,20231113_17h53m33s_B02_4_mask.png
20231113_17h53m37s_B03_1.png,20231113_17h53m37s_B03_1_mask.png
20231113_17h53m37s_B03_2.png,20231113_17h53m37s_B03_2_mask.png
20231113_17h53m37s_B03_3.png,20231113_17h53m37s_B03_3_mask.png
20231113_17h53m37s_B03_4.png,20231113_17h53m37s_B03_4_mask.png
20231113_17h53m40s_B04_1.png,20231113_17h53m40s_B04_1_mask.png
20231113_17h53m40s_B04_2.png,20231113_17h53m40s_B04_2_mask.png
20231113_17h53m40s_B04_3.png,20231113_17h53m40s_B04_3_mask.png
20231113_17h53m40s_B04_4.png,20231113_17h53m40s_B04_4_mask.png
20231113_17h53m44s_B05_1.png,20231113_17h53m44s_B05_1_mask.png
20231113_17h53m44s_B05_2.png,20231113_17h53m44s_B05_2_mask.png
20231113_17h53m44s_B05_3.png,20231113_17h53m44s_B05_3_mask.png
20231113_17h53m44s_B05_4.png,20231113_17h53m44s_B05_4_mask.png
20231113_17h53m48s_B06_1.png,20231113_17h53m48s_B06_1_mask.png
20231113_17h53m48s_B06_2.png,20231113_17h53m48s_B06_2_mask.png
20231113_17h53m48s_B06_3.png,20231113_17h53m48s_B06_3_mask.png
20231113_17h53m48s_B06_4.png,20231113_17h53m48s_B06_4_mask.png
20231113_17h53m51s_B07_1.png,20231113_17h53m51s_B07_1_mask.png
20231113_17h53m51s_B07_2.png,20231113_17h53m51s_B07_2_mask.png
20231113_17h53m58s_B08_1.png,20231113_17h53m58s_B08_1_mask.png
20231113_17h53m58s_B08_2.png,20231113_17h53m58s_B08_2_mask.png
20231113_17h53m58s_B08_3.png,20231113_17h53m58s_B08_3_mask.png
20231113_17h53m58s_B08_4.png,20231113_17h53m58s_B08_4_mask.png
20231113_17h54m01s_B09_1.png,20231113_17h54m01s_B09_1_mask.png
20231113_17h54m01s_B09_2.png,20231113_17h54m01s_B09_2_mask.png
20231113_17h54m01s_B09_3.png,20231113_17h54m01s_B09_3_mask.png
20231113_17h54m01s_B09_4.png,20231113_17h54m01s_B09_4_mask.png
20231113_17h54m05s_B10_1.png,20231113_17h54m05s_B10_1_mask.png
20231113_17h54m05s_B10_2.png,20231113_17h54m05s_B10_2_mask.png
20231113_17h54m05s_B10_3.png,20231113_17h54m05s_B10_3_mask.png
20231113_17h54m05s_B10_4.png,20231113_17h54m05s_B10_4_mask.png
20231113_17h54m09s_B11_1.png,20231113_17h54m09s_B11_1_mask.png
20231113_17h54m09s_B11_2.png,20231113_17h54m09s_B11_2_mask.png
20231113_17h54m09s_B11_3.png,20231113_17h54m09s_B11_3_mask.png
20231113_17h54m09s_B11_4.png,20231113_17h54m09s_B11_4_mask.png
20231113_17h54m13s_B12_1.png,20231113_17h54m13s_B12_1_mask.png
20231113_17h54m13s_B12_2.png,20231113_17h54m13s_B12_2_mask.png
20231113_17h54m13s_B12_3.png,20231113_17h54m13s_B12_3_mask.png
20231113_17h54m13s_B12_4.png,20231113_17h54m13s_B12_4_mask.png
20231113_17h54m16s_B13_1.png,20231113_17h54m16s_B13_1_mask.png
20231113_17h54m16s_B13_2.png,20231113_17h54m16s_B13_2_mask.png
20231113_17h54m16s_B13_3.png,20231113_17h54m16s_B13_3_mask.png
20231113_17h54m16s_B13_4.png,20231113_17h54m16s_B13_4_mask.png
20231113_18h10m03s_B01_1.png,20231113_18h10m03s_B01_1_mask.png
20231113_18h10m03s_B01_2.png,20231113_18h10m03s_B01_2_mask.png
20231113_18h10m05s_B02_1.png,20231113_18h10m05s_B02_1_mask.png
20231113_18h10m05s_B02_2.png,20231113_18h10m05s_B02_2_mask.png
20231113_18h10m05s_B02_3.png,20231113_18h10m05s_B02_3_mask.png
20231113_18h10m05s_B02_4.png,20231113_18h10m05s_B02_4_mask.png
20231113_18h10m09s_B03_1.png,20231113_18h10m09s_B03_1_mask.png
20231113_18h10m09s_B03_2.png,20231113_18h10m09s_B03_2_mask.png
20231113_18h10m09s_B03_3.png,20231113_18h10m09s_B03_3_mask.png
20231113_18h10m09s_B03_4.png,20231113_18h10m09s_B03_4_mask.png
20231113_18h10m12s_B04_1.png,20231113_18h10m12s_B04_1_mask.png
20231113_18h10m12s_B04_2.png,20231113_18h10m12s_B04_2_mask.png
20231113_18h10m12s_B04_3.png,20231113_18h10m12s_B04_3_mask.png
20231113_18h10m12s_B04_4.png,20231113_18h10m12s_B04_4_mask.png
20231113_18h10m16s_B05_1.png,20231113_18h10m16s_B05_1_mask.png
20231113_18h10m16s_B05_2.png,20231113_18h10m16s_B05_2_mask.png
20231113_18h10m16s_B05_3.png,20231113_18h10m16s_B05_3_mask.png
20231113_18h10m16s_B05_4.png,20231113_18h10m16s_B05_4_mask.png
20231113_18h10m19s_B06_1.png,20231113_18h10m19s_B06_1_mask.png
20231113_18h10m19s_B06_2.png,20231113_18h10m19s_B06_2_mask.png
20231113_18h10m19s_B06_3.png,20231113_18h10m19s_B06_3_mask.png
20231113_18h10m19s_B06_4.png,20231113_18h10m19s_B06_4_mask.png
20231113_18h10m23s_B07_1.png,20231113_18h10m23s_B07_1_mask.png
20231113_18h10m23s_B07_2.png,20231113_18h10m23s_B07_2_mask.png
20231113_18h10m30s_B08_1.png,20231113_18h10m30s_B08_1_mask.png
20231113_18h10m30s_B08_2.png,20231113_18h10m30s_B08_2_mask.png
20231113_18h10m30s_B08_3.png,20231113_18h10m30s_B08_3_mask.png
20231113_18h10m30s_B08_4.png,20231113_18h10m30s_B08_4_mask.png
20231113_18h10m33s_B09_1.png,20231113_18h10m33s_B09_1_mask.png
20231113_18h10m33s_B09_2.png,20231113_18h10m33s_B09_2_mask.png
20231113_18h10m33s_B09_3.png,20231113_18h10m33s_B09_3_mask.png
20231113_18h10m33s_B09_4.png,20231113_18h10m33s_B09_4_mask.png
20231113_18h10m37s_B10_1.png,20231113_18h10m37s_B10_1_mask.png
20231113_18h10m37s_B10_2.png,20231113_18h10m37s_B10_2_mask.png
20231113_18h10m37s_B10_3.png,20231113_18h10m37s_B10_3_mask.png
20231113_18h10m37s_B10_4.png,20231113_18h10m37s_B10_4_mask.png
20231113_18h10m41s_B11_1.png,20231113_18h10m41s_B11_1_mask.png
20231113_18h10m41s_B11_2.png,20231113_18h10m41s_B11_2_mask.png
20231113_18h10m41s_B11_3.png,20231113_18h10m41s_B11_3_mask.png
20231113_18h10m41s_B11_4.png,20231113_18h10m41s_B11_4_mask.png
20231113_18h10m45s_B12_1.png,20231113_18h10m45s_B12_1_mask.png
20231113_18h10m45s_B12_2.png,20231113_18h10m45s_B12_2_mask.png
20231113_18h10m45s_B12_3.png,20231113_18h10m45s_B12_3_mask.png
20231113_18h10m45s_B12_4.png,20231113_18h10m45s_B12_4_mask.png
20231113_18h10m49s_B13_1.png,20231113_18h10m49s_B13_1_mask.png
20231113_18h10m49s_B13_2.png,20231113_18h10m49s_B13_2_mask.png
20231113_18h10m49s_B13_3.png,20231113_18h10m49s_B13_3_mask.png
20231113_18h10m49s_B13_4.png,20231113_18h10m49s_B13_4_mask.png
20231113_19h08m25s_B01_1.png,20231113_19h08m25s_B01_1_mask.png
20231113_19h08m25s_B01_2.png,20231113_19h08m25s_B01_2_mask.png
20231113_19h08m27s_B02_1.png,20231113_19h08m27s_B02_1_mask.png
20231113_19h08m27s_B02_2.png,20231113_19h08m27s_B02_2_mask.png
20231113_19h08m27s_B02_3.png,20231113_19h08m27s_B02_3_mask.png
20231113_19h08m27s_B02_4.png,20231113_19h08m27s_B02_4_mask.png
20231113_19h08m31s_B03_1.png,20231113_19h08m31s_B03_1_mask.png
20231113_19h08m31s_B03_2.png,20231113_19h08m31s_B03_2_mask.png
20231113_19h08m31s_B03_3.png,20231113_19h08m31s_B03_3_mask.png
20231113_19h08m31s_B03_4.png,20231113_19h08m31s_B03_4_mask.png
20231113_19h08m34s_B04_1.png,20231113_19h08m34s_B04_1_mask.png
20231113_19h08m34s_B04_2.png,20231113_19h08m34s_B04_2_mask.png
20231113_19h08m34s_B04_3.png,20231113_19h08m34s_B04_3_mask.png
20231113_19h08m34s_B04_4.png,20231113_19h08m34s_B04_4_mask.png
20231113_19h08m38s_B05_1.png,20231113_19h08m38s_B05_1_mask.png
20231113_19h08m38s_B05_2.png,20231113_19h08m38s_B05_2_mask.png
20231113_19h08m38s_B05_3.png,20231113_19h08m38s_B05_3_mask.png
20231113_19h08m38s_B05_4.png,20231113_19h08m38s_B05_4_mask.png
20231113_19h08m42s_B06_1.png,20231113_19h08m42s_B06_1_mask.png
20231113_19h08m42s_B06_2.png,20231113_19h08m42s_B06_2_mask.png
20231113_19h08m42s_B06_3.png,20231113_19h08m42s_B06_3_mask.png
20231113_19h08m42s_B06_4.png,20231113_19h08m42s_B06_4_mask.png
20231113_19h08m45s_B07_1.png,20231113_19h08m45s_B07_1_mask.png
20231113_19h08m45s_B07_2.png,20231113_19h08m45s_B07_2_mask.png
20231113_19h08m52s_B08_1.png,20231113_19h08m52s_B08_1_mask.png
20231113_19h08m52s_B08_2.png,20231113_19h08m52s_B08_2_mask.png
20231113_19h08m52s_B08_3.png,20231113_19h08m52s_B08_3_mask.png
20231113_19h08m52s_B08_4.png,20231113_19h08m52s_B08_4_mask.png
20231113_19h08m56s_B09_1.png,20231113_19h08m56s_B09_1_mask.png
20231113_19h08m56s_B09_2.png,20231113_19h08m56s_B09_2_mask.png
20231113_19h08m56s_B09_3.png,20231113_19h08m56s_B09_3_mask.png
20231113_19h08m56s_B09_4.png,20231113_19h08m56s_B09_4_mask.png
20231113_19h09m00s_B10_1.png,20231113_19h09m00s_B10_1_mask.png
20231113_19h09m00s_B10_2.png,20231113_19h09m00s_B10_2_mask.png
20231113_19h09m00s_B10_3.png,20231113_19h09m00s_B10_3_mask.png
20231113_19h09m00s_B10_4.png,20231113_19h09m00s_B10_4_mask.png
20231113_19h09m03s_B11_1.png,20231113_19h09m03s_B11_1_mask.png
20231113_19h09m03s_B11_2.png,20231113_19h09m03s_B11_2_mask.png
20231113_19h09m03s_B11_3.png,20231113_19h09m03s_B11_3_mask.png
20231113_19h09m03s_B11_4.png,20231113_19h09m03s_B11_4_mask.png
20231113_19h09m07s_B12_1.png,20231113_19h09m07s_B12_1_mask.png
20231113_19h09m07s_B12_2.png,20231113_19h09m07s_B12_2_mask.png
20231113_19h09m07s_B12_3.png,20231113_19h09m07s_B12_3_mask.png
20231113_19h09m07s_B12_4.png,20231113_19h09m07s_B12_4_mask.png
20231113_19h09m11s_B13_1.png,20231113_19h09m11s_B13_1_mask.png
20231113_19h09m11s_B13_2.png,20231113_19h09m11s_B13_2_mask.png
20231113_19h09m11s_B13_3.png,20231113_19h09m11s_B13_3_mask.png
20231113_19h09m11s_B13_4.png,20231113_19h09m11s_B13_4_mask.png
20231113_19h45m42s_B01_1.png,20231113_19h45m42s_B01_1_mask.png
20231113_19h45m42s_B01_2.png,20231113_19h45m42s_B01_2_mask.png
20231113_19h45m44s_B02_1.png,20231113_19h45m44s_B02_1_mask.png
20231113_19h45m44s_B02_2.png,20231113_19h45m44s_B02_2_mask.png
20231113_19h45m44s_B02_3.png,20231113_19h45m44s_B02_3_mask.png
20231113_19h45m44s_B02_4.png,20231113_19h45m44s_B02_4_mask.png
20231113_19h45m48s_B03_1.png,20231113_19h45m48s_B03_1_mask.png
20231113_19h45m48s_B03_2.png,20231113_19h45m48s_B03_2_mask.png
20231113_19h45m48s_B03_3.png,20231113_19h45m48s_B03_3_mask.png
20231113_19h45m48s_B03_4.png,20231113_19h45m48s_B03_4_mask.png
20231113_19h45m52s_B04_1.png,20231113_19h45m52s_B04_1_mask.png
20231113_19h45m52s_B04_2.png,20231113_19h45m52s_B04_2_mask.png
20231113_19h45m52s_B04_3.png,20231113_19h45m52s_B04_3_mask.png
20231113_19h45m52s_B04_4.png,20231113_19h45m52s_B04_4_mask.png
20231113_19h45m55s_B05_1.png,20231113_19h45m55s_B05_1_mask.png
20231113_19h45m55s_B05_2.png,20231113_19h45m55s_B05_2_mask.png
20231113_19h45m55s_B05_3.png,20231113_19h45m55s_B05_3_mask.png
20231113_19h45m55s_B05_4.png,20231113_19h45m55s_B05_4_mask.png
20231113_19h45m59s_B06_1.png,20231113_19h45m59s_B06_1_mask.png
20231113_19h45m59s_B06_2.png,20231113_19h45m59s_B06_2_mask.png
20231113_19h45m59s_B06_3.png,20231113_19h45m59s_B06_3_mask.png
20231113_19h45m59s_B06_4.png,20231113_19h45m59s_B06_4_mask.png
20231113_19h46m03s_B07_1.png,20231113_19h46m03s_B07_1_mask.png
20231113_19h46m03s_B07_2.png,20231113_19h46m03s_B07_2_mask.png
20231113_19h46m10s_B08_1.png,20231113_19h46m10s_B08_1_mask.png
20231113_19h46m10s_B08_2.png,20231113_19h46m10s_B08_2_mask.png
20231113_19h46m10s_B08_3.png,20231113_19h46m10s_B08_3_mask.png
20231113_19h46m10s_B08_4.png,20231113_19h46m10s_B08_4_mask.png
20231113_19h46m14s_B09_1.png,20231113_19h46m14s_B09_1_mask.png
20231113_19h46m14s_B09_2.png,20231113_19h46m14s_B09_2_mask.png
20231113_19h46m14s_B09_3.png,20231113_19h46m14s_B09_3_mask.png
20231113_19h46m14s_B09_4.png,20231113_19h46m14s_B09_4_mask.png
20231113_19h46m17s_B10_1.png,20231113_19h46m17s_B10_1_mask.png
20231113_19h46m17s_B10_2.png,20231113_19h46m17s_B10_2_mask.png
20231113_19h46m17s_B10_3.png,20231113_19h46m17s_B10_3_mask.png
20231113_19h46m17s_B10_4.png,20231113_19h46m17s_B10_4_mask.png
20231113_19h46m21s_B11_1.png,20231113_19h46m21s_B11_1_mask.png
20231113_19h46m21s_B11_2.png,20231113_19h46m21s_B11_2_mask.png
20231113_19h46m21s_B11_3.png,20231113_19h46m21s_B11_3_mask.png
20231113_19h46m21s_B11_4.png,20231113_19h46m21s_B11_4_mask.png
20231113_19h46m26s_B12_1.png,20231113_19h46m26s_B12_1_mask.png
20231113_19h46m26s_B12_2.png,20231113_19h46m26s_B12_2_mask.png
20231113_19h46m26s_B12_3.png,20231113_19h46m26s_B12_3_mask.png
20231113_19h46m26s_B12_4.png,20231113_19h46m26s_B12_4_mask.png
20231113_19h46m30s_B13_1.png,20231113_19h46m30s_B13_1_mask.png
20231113_19h46m30s_B13_2.png,20231113_19h46m30s_B13_2_mask.png
20231113_19h46m30s_B13_3.png,20231113_19h46m30s_B13_3_mask.png
20231113_19h46m30s_B13_4.png,20231113_19h46m30s_B13_4_mask.png
20231114_10h53m47s_B01_1.png,20231114_10h53m47s_B01_1_mask.png
20231114_10h53m47s_B01_2.png,20231114_10h53m47s_B01_2_mask.png
20231114_10h53m49s_B02_1.png,20231114_10h53m49s_B02_1_mask.png
20231114_10h53m49s_B02_2.png,20231114_10h53m49s_B02_2_mask.png
20231114_10h53m49s_B02_3.png,20231114_10h53m49s_B02_3_mask.png
20231114_10h53m49s_B02_4.png,20231114_10h53m49s_B02_4_mask.png
20231114_10h53m54s_B03_1.png,20231114_10h53m54s_B03_1_mask.png
20231114_10h53m54s_B03_2.png,20231114_10h53m54s_B03_2_mask.png
20231114_10h53m54s_B03_3.png,20231114_10h53m54s_B03_3_mask.png
20231114_10h53m54s_B03_4.png,20231114_10h53m54s_B03_4_mask.png
20231114_10h53m58s_B04_1.png,20231114_10h53m58s_B04_1_mask.png
20231114_10h53m58s_B04_2.png,20231114_10h53m58s_B04_2_mask.png
20231114_10h53m58s_B04_3.png,20231114_10h53m58s_B04_3_mask.png
20231114_10h53m58s_B04_4.png,20231114_10h53m58s_B04_4_mask.png
20231114_10h54m02s_B05_1.png,20231114_10h54m02s_B05_1_mask.png
20231114_10h54m02s_B05_2.png,20231114_10h54m02s_B05_2_mask.png
20231114_10h54m02s_B05_3.png,20231114_10h54m02s_B05_3_mask.png
20231114_10h54m02s_B05_4.png,20231114_10h54m02s_B05_4_mask.png
20231114_10h54m06s_B06_1.png,20231114_10h54m06s_B06_1_mask.png
20231114_10h54m06s_B06_2.png,20231114_10h54m06s_B06_2_mask.png
20231114_10h54m06s_B06_3.png,20231114_10h54m06s_B06_3_mask.png
20231114_10h54m06s_B06_4.png,20231114_10h54m06s_B06_4_mask.png
20231114_10h54m10s_B07_1.png,20231114_10h54m10s_B07_1_mask.png
20231114_10h54m10s_B07_2.png,20231114_10h54m10s_B07_2_mask.png
20231114_10h54m17s_B08_1.png,20231114_10h54m17s_B08_1_mask.png
20231114_10h54m17s_B08_2.png,20231114_10h54m17s_B08_2_mask.png
20231114_10h54m17s_B08_3.png,20231114_10h54m17s_B08_3_mask.png
20231114_10h54m17s_B08_4.png,20231114_10h54m17s_B08_4_mask.png
20231114_10h54m21s_B09_1.png,20231114_10h54m21s_B09_1_mask.png
20231114_10h54m21s_B09_2.png,20231114_10h54m21s_B09_2_mask.png
20231114_10h54m21s_B09_3.png,20231114_10h54m21s_B09_3_mask.png
20231114_10h54m21s_B09_4.png,20231114_10h54m21s_B09_4_mask.png
20231114_10h54m25s_B10_1.png,20231114_10h54m25s_B10_1_mask.png
20231114_10h54m25s_B10_2.png,20231114_10h54m25s_B10_2_mask.png
20231114_10h54m25s_B10_3.png,20231114_10h54m25s_B10_3_mask.png
20231114_10h54m25s_B10_4.png,20231114_10h54m25s_B10_4_mask.png
20231114_10h54m29s_B11_1.png,20231114_10h54m29s_B11_1_mask.png
20231114_10h54m29s_B11_2.png,20231114_10h54m29s_B11_2_mask.png
20231114_10h54m29s_B11_3.png,20231114_10h54m29s_B11_3_mask.png
20231114_10h54m29s_B11_4.png,20231114_10h54m29s_B11_4_mask.png
20231114_10h54m33s_B12_1.png,20231114_10h54m33s_B12_1_mask.png
20231114_10h54m33s_B12_2.png,20231114_10h54m33s_B12_2_mask.png
20231114_10h54m33s_B12_3.png,20231114_10h54m33s_B12_3_mask.png
20231114_10h54m33s_B12_4.png,20231114_10h54m33s_B12_4_mask.png
20231114_10h54m37s_B13_1.png,20231114_10h54m37s_B13_1_mask.png
20231114_10h54m37s_B13_2.png,20231114_10h54m37s_B13_2_mask.png
20231114_10h54m37s_B13_3.png,20231114_10h54m37s_B13_3_mask.png
20231114_10h54m37s_B13_4.png,20231114_10h54m37s_B13_4_mask.png
20231114_10h59m23s_B01_1.png,20231114_10h59m23s_B01_1_mask.png
20231114_10h59m23s_B01_2.png,20231114_10h59m23s_B01_2_mask.png
20231114_10h59m26s_B02_1.png,20231114_10h59m26s_B02_1_mask.png
20231114_10h59m26s_B02_2.png,20231114_10h59m26s_B02_2_mask.png
20231114_10h59m26s_B02_3.png,20231114_10h59m26s_B02_3_mask.png
20231114_10h59m26s_B02_4.png,20231114_10h59m26s_B02_4_mask.png
20231114_10h59m30s_B03_1.png,20231114_10h59m30s_B03_1_mask.png
20231114_10h59m30s_B03_2.png,20231114_10h59m30s_B03_2_mask.png
20231114_10h59m30s_B03_3.png,20231114_10h59m30s_B03_3_mask.png
20231114_10h59m30s_B03_4.png,20231114_10h59m30s_B03_4_mask.png
20231114_10h59m34s_B04_1.png,20231114_10h59m34s_B04_1_mask.png
20231114_10h59m34s_B04_2.png,20231114_10h59m34s_B04_2_mask.png
20231114_10h59m34s_B04_3.png,20231114_10h59m34s_B04_3_mask.png
20231114_10h59m34s_B04_4.png,20231114_10h59m34s_B04_4_mask.png
20231114_10h59m38s_B05_1.png,20231114_10h59m38s_B05_1_mask.png
20231114_10h59m38s_B05_2.png,20231114_10h59m38s_B05_2_mask.png
20231114_10h59m38s_B05_3.png,20231114_10h59m38s_B05_3_mask.png
20231114_10h59m38s_B05_4.png,20231114_10h59m38s_B05_4_mask.png
20231114_10h59m42s_B06_1.png,20231114_10h59m42s_B06_1_mask.png
20231114_10h59m42s_B06_2.png,20231114_10h59m42s_B06_2_mask.png
20231114_10h59m42s_B06_3.png,20231114_10h59m42s_B06_3_mask.png
20231114_10h59m42s_B06_4.png,20231114_10h59m42s_B06_4_mask.png
20231114_10h59m46s_B07_1.png,20231114_10h59m46s_B07_1_mask.png
20231114_10h59m46s_B07_2.png,20231114_10h59m46s_B07_2_mask.png
20231114_10h59m54s_B08_1.png,20231114_10h59m54s_B08_1_mask.png
20231114_10h59m54s_B08_2.png,20231114_10h59m54s_B08_2_mask.png
20231114_10h59m54s_B08_3.png,20231114_10h59m54s_B08_3_mask.png
20231114_10h59m54s_B08_4.png,20231114_10h59m54s_B08_4_mask.png
20231114_10h59m57s_B09_1.png,20231114_10h59m57s_B09_1_mask.png
20231114_10h59m57s_B09_2.png,20231114_10h59m57s_B09_2_mask.png
20231114_10h59m57s_B09_3.png,20231114_10h59m57s_B09_3_mask.png
20231114_10h59m57s_B09_4.png,20231114_10h59m57s_B09_4_mask.png
20231114_11h00m01s_B10_1.png,20231114_11h00m01s_B10_1_mask.png
20231114_11h00m01s_B10_2.png,20231114_11h00m01s_B10_2_mask.png
20231114_11h00m01s_B10_3.png,20231114_11h00m01s_B10_3_mask.png
20231114_11h00m01s_B10_4.png,20231114_11h00m01s_B10_4_mask.png
20231114_11h00m05s_B11_1.png,20231114_11h00m05s_B11_1_mask.png
20231114_11h00m05s_B11_2.png,20231114_11h00m05s_B11_2_mask.png
20231114_11h00m05s_B11_3.png,20231114_11h00m05s_B11_3_mask.png
20231114_11h00m05s_B11_4.png,20231114_11h00m05s_B11_4_mask.png
20231114_11h00m09s_B12_1.png,20231114_11h00m09s_B12_1_mask.png
20231114_11h00m09s_B12_2.png,20231114_11h00m09s_B12_2_mask.png
20231114_11h00m09s_B12_3.png,20231114_11h00m09s_B12_3_mask.png
20231114_11h00m09s_B12_4.png,20231114_11h00m09s_B12_4_mask.png
20231114_11h00m13s_B13_1.png,20231114_11h00m13s_B13_1_mask.png
20231114_11h00m13s_B13_2.png,20231114_11h00m13s_B13_2_mask.png
20231114_11h00m13s_B13_3.png,20231114_11h00m13s_B13_3_mask.png
20231114_11h00m13s_B13_4.png,20231114_11h00m13s_B13_4_mask.png
20231114_11h25m41s_B01_1.png,20231114_11h25m41s_B01_1_mask.png
20231114_11h25m41s_B01_2.png,20231114_11h25m41s_B01_2_mask.png
20231114_11h25m43s_B02_1.png,20231114_11h25m43s_B02_1_mask.png
20231114_11h25m43s_B02_2.png,20231114_11h25m43s_B02_2_mask.png
20231114_11h25m43s_B02_3.png,20231114_11h25m43s_B02_3_mask.png
20231114_11h25m43s_B02_4.png,20231114_11h25m43s_B02_4_mask.png
20231114_11h25m48s_B03_1.png,20231114_11h25m48s_B03_1_mask.png
20231114_11h25m48s_B03_2.png,20231114_11h25m48s_B03_2_mask.png
20231114_11h25m48s_B03_3.png,20231114_11h25m48s_B03_3_mask.png
20231114_11h25m48s_B03_4.png,20231114_11h25m48s_B03_4_mask.png
20231114_11h25m52s_B04_1.png,20231114_11h25m52s_B04_1_mask.png
20231114_11h25m52s_B04_2.png,20231114_11h25m52s_B04_2_mask.png
20231114_11h25m52s_B04_3.png,20231114_11h25m52s_B04_3_mask.png
20231114_11h25m52s_B04_4.png,20231114_11h25m52s_B04_4_mask.png
20231114_11h25m56s_B05_1.png,20231114_11h25m56s_B05_1_mask.png
20231114_11h25m56s_B05_2.png,20231114_11h25m56s_B05_2_mask.png
20231114_11h25m56s_B05_3.png,20231114_11h25m56s_B05_3_mask.png
20231114_11h25m56s_B05_4.png,20231114_11h25m56s_B05_4_mask.png
20231114_11h26m00s_B06_1.png,20231114_11h26m00s_B06_1_mask.png
20231114_11h26m00s_B06_2.png,20231114_11h26m00s_B06_2_mask.png
20231114_11h26m00s_B06_3.png,20231114_11h26m00s_B06_3_mask.png
20231114_11h26m00s_B06_4.png,20231114_11h26m00s_B06_4_mask.png
20231114_11h26m05s_B07_1.png,20231114_11h26m05s_B07_1_mask.png
20231114_11h26m05s_B07_2.png,20231114_11h26m05s_B07_2_mask.png
20231114_11h26m12s_B08_1.png,20231114_11h26m12s_B08_1_mask.png
20231114_11h26m12s_B08_2.png,20231114_11h26m12s_B08_2_mask.png
20231114_11h26m12s_B08_3.png,20231114_11h26m12s_B08_3_mask.png
20231114_11h26m12s_B08_4.png,20231114_11h26m12s_B08_4_mask.png
20231114_11h26m16s_B09_1.png,20231114_11h26m16s_B09_1_mask.png
20231114_11h26m16s_B09_2.png,20231114_11h26m16s_B09_2_mask.png
20231114_11h26m16s_B09_3.png,20231114_11h26m16s_B09_3_mask.png
20231114_11h26m16s_B09_4.png,20231114_11h26m16s_B09_4_mask.png
20231114_11h26m20s_B10_1.png,20231114_11h26m20s_B10_1_mask.png
20231114_11h26m20s_B10_2.png,20231114_11h26m20s_B10_2_mask.png
20231114_11h26m20s_B10_3.png,20231114_11h26m20s_B10_3_mask.png
20231114_11h26m20s_B10_4.png,20231114_11h26m20s_B10_4_mask.png
20231114_11h26m23s_B11_1.png,20231114_11h26m23s_B11_1_mask.png
20231114_11h26m23s_B11_2.png,20231114_11h26m23s_B11_2_mask.png
20231114_11h26m23s_B11_3.png,20231114_11h26m23s_B11_3_mask.png
20231114_11h26m23s_B11_4.png,20231114_11h26m23s_B11_4_mask.png
20231114_11h26m28s_B12_1.png,20231114_11h26m28s_B12_1_mask.png
20231114_11h26m28s_B12_2.png,20231114_11h26m28s_B12_2_mask.png
20231114_11h26m28s_B12_3.png,20231114_11h26m28s_B12_3_mask.png
20231114_11h26m28s_B12_4.png,20231114_11h26m28s_B12_4_mask.png
20231114_11h26m31s_B13_1.png,20231114_11h26m31s_B13_1_mask.png
20231114_11h26m31s_B13_2.png,20231114_11h26m31s_B13_2_mask.png
20231114_11h26m31s_B13_3.png,20231114_11h26m31s_B13_3_mask.png
20231114_11h26m31s_B13_4.png,20231114_11h26m31s_B13_4_mask.png
